timestamp,character,magic_find,item_id,currency_id,amount
2024-02-03T15:17:09.378Z,Paintball Partner,758,,1,447168
2024-02-03T15:17:09.378Z,Paintball Partner,758,68637,,-71
2024-02-03T15:17:09.378Z,Paintball Partner,758,68638,,-4365
2024-02-03T15:16:56.457Z,Paintball Partner,758,94653,,-1
2024-02-03T15:16:56.457Z,Paintball Partner,758,101398,,1
2024-02-03T15:16:56.417Z,Paintball Partner,758,68638,,2
2024-02-03T15:16:56.417Z,Paintball Partner,758,94653,,-2
2024-02-03T15:16:56.340Z,Paintball Partner,758,68638,,1
2024-02-03T15:16:56.340Z,Paintball Partner,758,94653,,-1
2024-02-03T15:16:56.259Z,Paintball Partner,758,68638,,2
2024-02-03T15:16:56.259Z,Paintball Partner,758,94653,,-2
2024-02-03T15:16:56.221Z,Paintball Partner,758,68638,,2
2024-02-03T15:16:56.221Z,Paintball Partner,758,94653,,-2
2024-02-03T15:16:56.140Z,Paintball Partner,758,68638,,1
2024-02-03T15:16:56.140Z,Paintball Partner,758,94653,,-1
2024-02-03T15:16:56.102Z,Paintball Partner,758,68638,,2
2024-02-03T15:16:56.102Z,Paintball Partner,758,94653,,-2
2024-02-03T15:16:56.023Z,Paintball Partner,758,68638,,1
2024-02-03T15:16:56.023Z,Paintball Partner,758,94653,,-1
2024-02-03T15:16:55.983Z,Paintball Partner,758,68638,,9
2024-02-03T15:16:55.983Z,Paintball Partner,758,94653,,-2
2024-02-03T15:16:55.890Z,Paintball Partner,758,68638,,1
2024-02-03T15:16:55.890Z,Paintball Partner,758,94653,,-1
2024-02-03T15:16:55.851Z,Paintball Partner,758,68633,,1
2024-02-03T15:16:55.851Z,Paintball Partner,758,94653,,-1
2024-02-03T15:16:55.850Z,Paintball Partner,758,68638,,2
2024-02-03T15:16:55.850Z,Paintball Partner,758,94653,,-2
2024-02-03T15:16:55.812Z,Paintball Partner,758,68635,,1
2024-02-03T15:16:55.812Z,Paintball Partner,758,68638,,1
2024-02-03T15:16:55.812Z,Paintball Partner,758,94653,,-2
2024-02-03T15:16:55.651Z,Paintball Partner,758,68638,,1
2024-02-03T15:16:55.651Z,Paintball Partner,758,94653,,-1
2024-02-03T15:16:55.613Z,Paintball Partner,758,68638,,1
2024-02-03T15:16:55.613Z,Paintball Partner,758,94653,,-1
2024-02-03T15:16:55.574Z,Paintball Partner,758,68638,,2
2024-02-03T15:16:55.574Z,Paintball Partner,758,94653,,-2
2024-02-03T15:16:55.465Z,Paintball Partner,758,68633,,1
2024-02-03T15:16:55.465Z,Paintball Partner,758,68638,,1
2024-02-03T15:16:55.465Z,Paintball Partner,758,94653,,-2
2024-02-03T15:16:55.427Z,Paintball Partner,758,68638,,1
2024-02-03T15:16:55.427Z,Paintball Partner,758,94653,,-1
2024-02-03T15:16:55.340Z,Paintball Partner,758,68638,,2
2024-02-03T15:16:55.340Z,Paintball Partner,758,94653,,-2
2024-02-03T15:16:55.302Z,Paintball Partner,758,68638,,3
2024-02-03T15:16:55.302Z,Paintball Partner,758,94653,,-3
2024-02-03T15:16:55.191Z,Paintball Partner,758,68632,,1
2024-02-03T15:16:55.191Z,Paintball Partner,758,68638,,1
2024-02-03T15:16:55.191Z,Paintball Partner,758,94653,,-2
2024-02-03T15:16:55.099Z,Paintball Partner,758,68638,,1
2024-02-03T15:16:55.099Z,Paintball Partner,758,94653,,-1
2024-02-03T15:16:55.060Z,Paintball Partner,758,68638,,1
2024-02-03T15:16:55.060Z,Paintball Partner,758,94653,,-1
2024-02-03T15:16:55.020Z,Paintball Partner,758,68632,,1
2024-02-03T15:16:55.020Z,Paintball Partner,758,68638,,1
2024-02-03T15:16:55.020Z,Paintball Partner,758,94653,,-2
2024-02-03T15:16:54.909Z,Paintball Partner,758,68638,,2
2024-02-03T15:16:54.909Z,Paintball Partner,758,94653,,-2
2024-02-03T15:16:54.870Z,Paintball Partner,758,68638,,1
2024-02-03T15:16:54.870Z,Paintball Partner,758,94653,,-1
2024-02-03T15:16:54.789Z,Paintball Partner,758,68638,,2
2024-02-03T15:16:54.789Z,Paintball Partner,758,94653,,-2
2024-02-03T15:16:54.744Z,Paintball Partner,758,68638,,1
2024-02-03T15:16:54.744Z,Paintball Partner,758,94653,,-1
2024-02-03T15:16:54.660Z,Paintball Partner,758,68637,,1
2024-02-03T15:16:54.660Z,Paintball Partner,758,68638,,1
2024-02-03T15:16:54.660Z,Paintball Partner,758,94653,,-2
2024-02-03T15:16:54.622Z,Paintball Partner,758,68638,,1
2024-02-03T15:16:54.622Z,Paintball Partner,758,94653,,-1
2024-02-03T15:16:54.540Z,Paintball Partner,758,68638,,2
2024-02-03T15:16:54.540Z,Paintball Partner,758,94653,,-2
2024-02-03T15:16:54.501Z,Paintball Partner,758,68638,,2
2024-02-03T15:16:54.501Z,Paintball Partner,758,94653,,-2
2024-02-03T15:16:54.424Z,Paintball Partner,758,68638,,2
2024-02-03T15:16:54.424Z,Paintball Partner,758,94653,,-2
2024-02-03T15:16:54.346Z,Paintball Partner,758,68638,,13
2024-02-03T15:16:54.346Z,Paintball Partner,758,94653,,-2
2024-02-03T15:16:54.262Z,Paintball Partner,758,68638,,2
2024-02-03T15:16:54.262Z,Paintball Partner,758,94653,,-2
2024-02-03T15:16:54.183Z,Paintball Partner,758,68638,,1
2024-02-03T15:16:54.183Z,Paintball Partner,758,77699,,1
2024-02-03T15:16:54.183Z,Paintball Partner,758,94653,,-2
2024-02-03T15:16:54.105Z,Paintball Partner,758,68638,,1
2024-02-03T15:16:54.105Z,Paintball Partner,758,94653,,-1
2024-02-03T15:16:54.018Z,Paintball Partner,758,68638,,2
2024-02-03T15:16:54.018Z,Paintball Partner,758,94653,,-2
2024-02-03T15:16:53.980Z,Paintball Partner,758,68638,,2
2024-02-03T15:16:53.980Z,Paintball Partner,758,94653,,-2
2024-02-03T15:16:53.893Z,Paintball Partner,758,68638,,2
2024-02-03T15:16:53.893Z,Paintball Partner,758,94653,,-2
2024-02-03T15:16:53.851Z,Paintball Partner,758,68638,,2
2024-02-03T15:16:53.851Z,Paintball Partner,758,94653,,-2
2024-02-03T15:16:53.809Z,Paintball Partner,758,68638,,2
2024-02-03T15:16:53.809Z,Paintball Partner,758,94653,,-2
2024-02-03T15:16:53.630Z,Paintball Partner,758,68638,,2
2024-02-03T15:16:53.630Z,Paintball Partner,758,94653,,-2
2024-02-03T15:16:53.585Z,Paintball Partner,758,68638,,2
2024-02-03T15:16:53.585Z,Paintball Partner,758,94653,,-2
2024-02-03T15:16:53.503Z,Paintball Partner,758,68636,,1
2024-02-03T15:16:53.503Z,Paintball Partner,758,68638,,1
2024-02-03T15:16:53.503Z,Paintball Partner,758,94653,,-2
2024-02-03T15:16:53.421Z,Paintball Partner,758,68638,,2
2024-02-03T15:16:53.421Z,Paintball Partner,758,94653,,-3
2024-02-03T15:16:53.421Z,Paintball Partner,758,101398,,1
2024-02-03T15:16:53.262Z,Paintball Partner,758,68638,,2
2024-02-03T15:16:53.262Z,Paintball Partner,758,94653,,-2
2024-02-03T15:16:53.223Z,Paintball Partner,758,68638,,2
2024-02-03T15:16:53.223Z,Paintball Partner,758,94653,,-3
2024-02-03T15:16:53.223Z,Paintball Partner,758,101398,,1
2024-02-03T15:16:53.109Z,Paintball Partner,758,68638,,2
2024-02-03T15:16:53.109Z,Paintball Partner,758,94653,,-2
2024-02-03T15:16:53.018Z,Paintball Partner,758,68638,,2
2024-02-03T15:16:53.018Z,Paintball Partner,758,94653,,-2
2024-02-03T15:16:52.940Z,Paintball Partner,758,68638,,1
2024-02-03T15:16:52.940Z,Paintball Partner,758,94653,,-1
2024-02-03T15:16:51.361Z,Paintball Partner,758,68638,,2
2024-02-03T15:16:51.361Z,Paintball Partner,758,94653,,-2
2024-02-03T15:16:51.041Z,Paintball Partner,758,68638,,8
2024-02-03T15:16:51.041Z,Paintball Partner,758,94653,,-8
2024-02-03T15:16:50.765Z,Paintball Partner,758,68637,,1
2024-02-03T15:16:50.765Z,Paintball Partner,758,68638,,4
2024-02-03T15:16:50.765Z,Paintball Partner,758,94653,,-5
2024-02-03T15:16:50.607Z,Paintball Partner,758,68638,,3
2024-02-03T15:16:50.607Z,Paintball Partner,758,94653,,-3
2024-02-03T15:16:50.521Z,Paintball Partner,758,68636,,1
2024-02-03T15:16:50.521Z,Paintball Partner,758,68638,,13
2024-02-03T15:16:50.521Z,Paintball Partner,758,94653,,-8
2024-02-03T15:16:50.237Z,Paintball Partner,758,68638,,2
2024-02-03T15:16:50.237Z,Paintball Partner,758,94653,,-2
2024-02-03T15:16:50.198Z,Paintball Partner,758,68637,,1
2024-02-03T15:16:50.198Z,Paintball Partner,758,68638,,1
2024-02-03T15:16:50.198Z,Paintball Partner,758,94653,,-2
2024-02-03T15:16:50.016Z,Paintball Partner,758,68638,,2
2024-02-03T15:16:50.016Z,Paintball Partner,758,94653,,-2
2024-02-03T15:16:49.938Z,Paintball Partner,758,68638,,6
2024-02-03T15:16:49.938Z,Paintball Partner,758,94653,,-6
2024-02-03T15:16:49.835Z,Paintball Partner,758,68632,,1
2024-02-03T15:16:49.835Z,Paintball Partner,758,68636,,1
2024-02-03T15:16:49.835Z,Paintball Partner,758,68638,,13
2024-02-03T15:16:49.835Z,Paintball Partner,758,94653,,-15
2024-02-03T15:16:49.292Z,Paintball Partner,758,68637,,1
2024-02-03T15:16:49.292Z,Paintball Partner,758,68638,,9
2024-02-03T15:16:49.292Z,Paintball Partner,758,94653,,-10
2024-02-03T15:16:48.095Z,Paintball Partner,758,68638,,5
2024-02-03T15:16:48.095Z,Paintball Partner,758,94653,,-5
2024-02-03T15:16:47.949Z,Paintball Partner,758,68638,,4
2024-02-03T15:16:47.949Z,Paintball Partner,758,94653,,-4
2024-02-03T15:16:47.849Z,Paintball Partner,758,68638,,2
2024-02-03T15:16:47.849Z,Paintball Partner,758,94653,,-2
2024-02-03T15:16:47.811Z,Paintball Partner,758,68638,,5
2024-02-03T15:16:47.811Z,Paintball Partner,758,94653,,-5
2024-02-03T15:16:47.589Z,Paintball Partner,758,68638,,5
2024-02-03T15:16:47.589Z,Paintball Partner,758,77699,,1
2024-02-03T15:16:47.589Z,Paintball Partner,758,94653,,-6
2024-02-03T15:16:47.589Z,Paintball Partner,758,101398,,1
2024-02-03T15:16:47.403Z,Paintball Partner,758,68638,,4
2024-02-03T15:16:47.403Z,Paintball Partner,758,94653,,-4
2024-02-03T15:16:46.956Z,Paintball Partner,758,68638,,4
2024-02-03T15:16:46.956Z,Paintball Partner,758,77699,,1
2024-02-03T15:16:46.956Z,Paintball Partner,758,94653,,-5
2024-02-03T15:16:46.741Z,Paintball Partner,758,68636,,1
2024-02-03T15:16:46.741Z,Paintball Partner,758,68638,,2
2024-02-03T15:16:46.741Z,Paintball Partner,758,94653,,-3
2024-02-03T15:16:46.638Z,Paintball Partner,758,68638,,1
2024-02-03T15:16:46.638Z,Paintball Partner,758,94653,,-1
2024-02-03T15:16:45.369Z,Paintball Partner,758,68638,,8
2024-02-03T15:16:45.369Z,Paintball Partner,758,94653,,-8
2024-02-03T15:16:45.117Z,Paintball Partner,758,68638,,11
2024-02-03T15:16:45.117Z,Paintball Partner,758,77699,,1
2024-02-03T15:16:45.117Z,Paintball Partner,758,94653,,-12
2024-02-03T15:16:45.117Z,Paintball Partner,758,101398,,1
2024-02-03T15:16:44.749Z,Paintball Partner,758,68637,,1
2024-02-03T15:16:44.749Z,Paintball Partner,758,68638,,14
2024-02-03T15:16:44.749Z,Paintball Partner,758,94653,,-15
2024-02-03T15:16:44.274Z,Paintball Partner,758,68635,,1
2024-02-03T15:16:44.274Z,Paintball Partner,758,68638,,15
2024-02-03T15:16:44.274Z,Paintball Partner,758,94653,,-16
2024-02-03T15:16:43.881Z,Paintball Partner,758,68638,,1
2024-02-03T15:16:43.881Z,Paintball Partner,758,94653,,-1
2024-02-03T15:16:43.880Z,Paintball Partner,758,68638,,3
2024-02-03T15:16:43.880Z,Paintball Partner,758,94653,,-3
2024-02-03T15:16:43.643Z,Paintball Partner,758,68635,,1
2024-02-03T15:16:43.643Z,Paintball Partner,758,68638,,14
2024-02-03T15:16:43.643Z,Paintball Partner,758,94653,,-12
2024-02-03T15:16:43.643Z,Paintball Partner,758,101398,,1
2024-02-03T15:16:43.282Z,Paintball Partner,758,68638,,3
2024-02-03T15:16:43.282Z,Paintball Partner,758,94653,,-3
2024-02-03T15:16:43.194Z,Paintball Partner,758,68638,,8
2024-02-03T15:16:43.194Z,Paintball Partner,758,94653,,-8
2024-02-03T15:16:42.940Z,Paintball Partner,758,68636,,1
2024-02-03T15:16:42.940Z,Paintball Partner,758,68638,,6
2024-02-03T15:16:42.940Z,Paintball Partner,758,77699,,1
2024-02-03T15:16:42.940Z,Paintball Partner,758,94653,,-8
2024-02-03T15:16:42.704Z,Paintball Partner,758,68638,,3
2024-02-03T15:16:42.704Z,Paintball Partner,758,94653,,-3
2024-02-03T15:16:42.581Z,Paintball Partner,758,68638,,5
2024-02-03T15:16:42.581Z,Paintball Partner,758,94653,,-5
2024-02-03T15:16:42.425Z,Paintball Partner,758,68638,,3
2024-02-03T15:16:42.425Z,Paintball Partner,758,94653,,-3
2024-02-03T15:16:42.336Z,Paintball Partner,758,68638,,4
2024-02-03T15:16:42.336Z,Paintball Partner,758,94653,,-3
2024-02-03T15:16:42.245Z,Paintball Partner,758,68638,,5
2024-02-03T15:16:42.245Z,Paintball Partner,758,94653,,-5
2024-02-03T15:16:42.100Z,Paintball Partner,758,68636,,1
2024-02-03T15:16:42.100Z,Paintball Partner,758,68638,,9
2024-02-03T15:16:42.100Z,Paintball Partner,758,94653,,-10
2024-02-03T15:16:41.837Z,Paintball Partner,758,68638,,5
2024-02-03T15:16:41.837Z,Paintball Partner,758,94653,,-5
2024-02-03T15:16:41.618Z,Paintball Partner,758,68638,,5
2024-02-03T15:16:41.618Z,Paintball Partner,758,94653,,-5
2024-02-03T15:16:41.474Z,Paintball Partner,758,68636,,1
2024-02-03T15:16:41.474Z,Paintball Partner,758,68638,,7
2024-02-03T15:16:41.474Z,Paintball Partner,758,94653,,-8
2024-02-03T15:16:41.213Z,Paintball Partner,758,68638,,2
2024-02-03T15:16:41.213Z,Paintball Partner,758,94653,,-2
2024-02-03T15:16:41.133Z,Paintball Partner,758,68635,,1
2024-02-03T15:16:41.133Z,Paintball Partner,758,68638,,21
2024-02-03T15:16:41.133Z,Paintball Partner,758,94653,,-10
2024-02-03T15:16:40.823Z,Paintball Partner,758,68638,,7
2024-02-03T15:16:40.823Z,Paintball Partner,758,94653,,-7
2024-02-03T15:16:39.850Z,Paintball Partner,758,68638,,2
2024-02-03T15:16:39.850Z,Paintball Partner,758,94653,,-2
2024-02-03T15:16:39.812Z,Paintball Partner,758,68638,,1
2024-02-03T15:16:39.812Z,Paintball Partner,758,77699,,1
2024-02-03T15:16:39.812Z,Paintball Partner,758,94653,,-2
2024-02-03T15:16:39.664Z,Paintball Partner,758,68638,,1
2024-02-03T15:16:39.664Z,Paintball Partner,758,94653,,-1
2024-02-03T15:16:36.887Z,Paintball Partner,758,68638,,8
2024-02-03T15:16:36.887Z,Paintball Partner,758,94653,,-8
2024-02-03T15:16:36.633Z,Paintball Partner,758,68638,,2
2024-02-03T15:16:36.633Z,Paintball Partner,758,94653,,-2
2024-02-03T15:16:35.209Z,Paintball Partner,758,68636,,1
2024-02-03T15:16:35.209Z,Paintball Partner,758,68638,,15
2024-02-03T15:16:35.209Z,Paintball Partner,758,94653,,-16
2024-02-03T15:16:34.712Z,Paintball Partner,758,68638,,15
2024-02-03T15:16:34.712Z,Paintball Partner,758,94653,,-15
2024-02-03T15:16:34.240Z,Paintball Partner,758,68638,,10
2024-02-03T15:16:34.240Z,Paintball Partner,758,94653,,-10
2024-02-03T15:16:33.933Z,Paintball Partner,758,68638,,5
2024-02-03T15:16:33.933Z,Paintball Partner,758,94653,,-5
2024-02-03T15:16:33.834Z,Paintball Partner,758,68638,,3
2024-02-03T15:16:33.834Z,Paintball Partner,758,94653,,-2
2024-02-03T15:16:33.796Z,Paintball Partner,758,68638,,13
2024-02-03T15:16:33.796Z,Paintball Partner,758,94653,,-13
2024-02-03T15:16:33.305Z,Paintball Partner,758,68632,,1
2024-02-03T15:16:33.305Z,Paintball Partner,758,68638,,2
2024-02-03T15:16:33.305Z,Paintball Partner,758,94653,,-3
2024-02-03T15:16:33.220Z,Paintball Partner,758,68635,,1
2024-02-03T15:16:33.220Z,Paintball Partner,758,68638,,12
2024-02-03T15:16:33.220Z,Paintball Partner,758,94653,,-13
2024-02-03T15:16:32.809Z,Paintball Partner,758,68638,,11
2024-02-03T15:16:32.809Z,Paintball Partner,758,94653,,-10
2024-02-03T15:16:32.453Z,Paintball Partner,758,68638,,2
2024-02-03T15:16:32.453Z,Paintball Partner,758,94653,,-2
2024-02-03T15:16:32.415Z,Paintball Partner,758,68637,,1
2024-02-03T15:16:32.415Z,Paintball Partner,758,68638,,15
2024-02-03T15:16:32.415Z,Paintball Partner,758,94653,,-16
2024-02-03T15:16:31.921Z,Paintball Partner,758,68637,,1
2024-02-03T15:16:31.921Z,Paintball Partner,758,68638,,14
2024-02-03T15:16:31.921Z,Paintball Partner,758,94653,,-14
2024-02-03T15:16:31.584Z,Paintball Partner,758,68636,,1
2024-02-03T15:16:31.584Z,Paintball Partner,758,68638,,1
2024-02-03T15:16:31.584Z,Paintball Partner,758,94653,,-2
2024-02-03T15:16:31.546Z,Paintball Partner,758,68634,,1
2024-02-03T15:16:31.546Z,Paintball Partner,758,68638,,8
2024-02-03T15:16:31.546Z,Paintball Partner,758,94653,,-9
2024-02-03T15:16:31.146Z,Paintball Partner,758,68638,,24
2024-02-03T15:16:31.146Z,Paintball Partner,758,94653,,-17
2024-02-03T15:16:30.586Z,Paintball Partner,758,68638,,3
2024-02-03T15:16:30.586Z,Paintball Partner,758,94653,,-3
2024-02-03T15:16:30.547Z,Paintball Partner,758,68638,,6
2024-02-03T15:16:30.547Z,Paintball Partner,758,94653,,-6
2024-02-03T15:16:30.340Z,Paintball Partner,758,68636,,1
2024-02-03T15:16:30.340Z,Paintball Partner,758,68638,,2
2024-02-03T15:16:30.340Z,Paintball Partner,758,94653,,-3
2024-02-03T15:16:30.245Z,Paintball Partner,758,68638,,15
2024-02-03T15:16:30.245Z,Paintball Partner,758,94653,,-14
2024-02-03T15:16:29.846Z,Paintball Partner,758,68638,,6
2024-02-03T15:16:29.846Z,Paintball Partner,758,94653,,-6
2024-02-03T15:16:29.625Z,Paintball Partner,758,68632,,1
2024-02-03T15:16:29.625Z,Paintball Partner,758,68638,,11
2024-02-03T15:16:29.625Z,Paintball Partner,758,94653,,-8
2024-02-03T15:16:29.373Z,Paintball Partner,758,68638,,5
2024-02-03T15:16:29.373Z,Paintball Partner,758,94653,,-5
2024-02-03T15:16:29.180Z,Paintball Partner,758,68638,,2
2024-02-03T15:16:29.180Z,Paintball Partner,758,94653,,-2
2024-02-03T15:16:29.138Z,Paintball Partner,758,68638,,14
2024-02-03T15:16:29.138Z,Paintball Partner,758,94653,,-5
2024-02-03T15:16:28.991Z,Paintball Partner,758,68638,,4
2024-02-03T15:16:28.991Z,Paintball Partner,758,94653,,-4
2024-02-03T15:16:28.853Z,Paintball Partner,758,68638,,3
2024-02-03T15:16:28.853Z,Paintball Partner,758,94653,,-3
2024-02-03T15:16:28.769Z,Paintball Partner,758,68632,,1
2024-02-03T15:16:28.769Z,Paintball Partner,758,68638,,6
2024-02-03T15:16:28.769Z,Paintball Partner,758,94653,,-7
2024-02-03T15:16:28.552Z,Paintball Partner,758,68633,,1
2024-02-03T15:16:28.552Z,Paintball Partner,758,68638,,8
2024-02-03T15:16:28.552Z,Paintball Partner,758,94653,,-9
2024-02-03T15:16:28.270Z,Paintball Partner,758,68638,,5
2024-02-03T15:16:28.270Z,Paintball Partner,758,94653,,-5
2024-02-03T15:16:28.112Z,Paintball Partner,758,68632,,1
2024-02-03T15:16:28.112Z,Paintball Partner,758,68637,,1
2024-02-03T15:16:28.112Z,Paintball Partner,758,68638,,4
2024-02-03T15:16:28.112Z,Paintball Partner,758,94653,,-6
2024-02-03T15:16:27.926Z,Paintball Partner,758,68638,,2
2024-02-03T15:16:27.926Z,Paintball Partner,758,94653,,-2
2024-02-03T15:16:26.906Z,Paintball Partner,758,68638,,11
2024-02-03T15:16:26.906Z,Paintball Partner,758,94653,,-11
2024-02-03T15:16:26.548Z,Paintball Partner,758,68632,,1
2024-02-03T15:16:26.548Z,Paintball Partner,758,68638,,2
2024-02-03T15:16:26.548Z,Paintball Partner,758,94653,,-3
2024-02-03T15:16:26.453Z,Paintball Partner,758,68638,,2
2024-02-03T15:16:26.453Z,Paintball Partner,758,94653,,-2
2024-02-03T15:16:26.366Z,Paintball Partner,758,68638,,10
2024-02-03T15:16:26.366Z,Paintball Partner,758,94653,,-1
2024-02-03T15:16:25.672Z,Paintball Partner,758,68638,,10
2024-02-03T15:16:25.672Z,Paintball Partner,758,94653,,-10
2024-02-03T15:16:25.318Z,Paintball Partner,758,68638,,3
2024-02-03T15:16:25.318Z,Paintball Partner,758,94653,,-3
2024-02-03T15:16:25.278Z,Paintball Partner,758,68638,,4
2024-02-03T15:16:25.278Z,Paintball Partner,758,94653,,-4
2024-02-03T15:16:24.879Z,Paintball Partner,758,68638,,6
2024-02-03T15:16:24.879Z,Paintball Partner,758,94653,,-6
2024-02-03T15:16:24.681Z,Paintball Partner,758,68638,,12
2024-02-03T15:16:24.681Z,Paintball Partner,758,94653,,-12
2024-02-03T15:16:24.307Z,Paintball Partner,758,68638,,3
2024-02-03T15:16:24.307Z,Paintball Partner,758,94653,,-3
2024-02-03T15:16:24.222Z,Paintball Partner,758,68638,,2
2024-02-03T15:16:24.222Z,Paintball Partner,758,94653,,-2
2024-02-03T15:16:24.132Z,Paintball Partner,758,68638,,7
2024-02-03T15:16:24.132Z,Paintball Partner,758,94653,,-5
2024-02-03T15:16:23.983Z,Paintball Partner,758,68638,,2
2024-02-03T15:16:23.983Z,Paintball Partner,758,94653,,-2
2024-02-03T15:16:23.935Z,Paintball Partner,758,68638,,4
2024-02-03T15:16:23.935Z,Paintball Partner,758,94653,,-4
2024-02-03T15:16:23.852Z,Paintball Partner,758,68638,,10
2024-02-03T15:16:23.852Z,Paintball Partner,758,94653,,-10
2024-02-03T15:16:23.489Z,Paintball Partner,758,68637,,1
2024-02-03T15:16:23.489Z,Paintball Partner,758,68638,,23
2024-02-03T15:16:23.489Z,Paintball Partner,758,94653,,-11
2024-02-03T15:16:23.155Z,Paintball Partner,758,68638,,2
2024-02-03T15:16:23.155Z,Paintball Partner,758,94653,,-2
2024-02-03T15:16:23.073Z,Paintball Partner,758,68638,,13
2024-02-03T15:16:23.073Z,Paintball Partner,758,94653,,-13
2024-02-03T15:16:22.683Z,Paintball Partner,758,68638,,6
2024-02-03T15:16:22.683Z,Paintball Partner,758,94653,,-6
2024-02-03T15:16:22.491Z,Paintball Partner,758,68638,,2
2024-02-03T15:16:22.491Z,Paintball Partner,758,94653,,-2
2024-02-03T15:16:22.413Z,Paintball Partner,758,68637,,1
2024-02-03T15:16:22.413Z,Paintball Partner,758,68638,,7
2024-02-03T15:16:22.413Z,Paintball Partner,758,94653,,-8
2024-02-03T15:16:22.184Z,Paintball Partner,758,68637,,1
2024-02-03T15:16:22.184Z,Paintball Partner,758,68638,,12
2024-02-03T15:16:22.184Z,Paintball Partner,758,94653,,-12
2024-02-03T15:16:21.844Z,Paintball Partner,758,68638,,3
2024-02-03T15:16:21.844Z,Paintball Partner,758,94653,,-3
2024-02-03T15:16:21.806Z,Paintball Partner,758,68638,,8
2024-02-03T15:16:21.806Z,Paintball Partner,758,94653,,-9
2024-02-03T15:16:21.806Z,Paintball Partner,758,101398,,1
2024-02-03T15:16:21.427Z,Paintball Partner,758,68633,,1
2024-02-03T15:16:21.427Z,Paintball Partner,758,68638,,3
2024-02-03T15:16:21.427Z,Paintball Partner,758,94653,,-4
2024-02-03T15:16:21.298Z,Paintball Partner,758,68633,,1
2024-02-03T15:16:21.298Z,Paintball Partner,758,68638,,7
2024-02-03T15:16:21.298Z,Paintball Partner,758,94653,,-8
2024-02-03T15:16:21.054Z,Paintball Partner,758,68635,,1
2024-02-03T15:16:21.054Z,Paintball Partner,758,68638,,6
2024-02-03T15:16:21.054Z,Paintball Partner,758,94653,,-7
2024-02-03T15:16:20.835Z,Paintball Partner,758,68634,,1
2024-02-03T15:16:20.835Z,Paintball Partner,758,68638,,5
2024-02-03T15:16:20.835Z,Paintball Partner,758,77699,,1
2024-02-03T15:16:20.835Z,Paintball Partner,758,94653,,-7
2024-02-03T15:16:20.613Z,Paintball Partner,758,68638,,7
2024-02-03T15:16:20.613Z,Paintball Partner,758,94653,,-7
2024-02-03T15:16:20.398Z,Paintball Partner,758,68635,,1
2024-02-03T15:16:20.398Z,Paintball Partner,758,68638,,5
2024-02-03T15:16:20.398Z,Paintball Partner,758,94653,,-6
2024-02-03T15:16:20.209Z,Paintball Partner,758,68638,,9
2024-02-03T15:16:20.209Z,Paintball Partner,758,94653,,-9
2024-02-03T15:16:19.937Z,Paintball Partner,758,68638,,4
2024-02-03T15:16:19.937Z,Paintball Partner,758,94653,,-4
2024-02-03T15:16:19.842Z,Paintball Partner,758,68638,,1
2024-02-03T15:16:19.842Z,Paintball Partner,758,94653,,-1
2024-02-03T15:16:19.841Z,Paintball Partner,758,68638,,1
2024-02-03T15:16:19.841Z,Paintball Partner,758,94653,,-1
2024-02-03T15:16:19.803Z,Paintball Partner,758,68638,,7
2024-02-03T15:16:19.803Z,Paintball Partner,758,94653,,-7
2024-02-03T15:16:19.520Z,Paintball Partner,758,68632,,1
2024-02-03T15:16:19.520Z,Paintball Partner,758,68634,,1
2024-02-03T15:16:19.520Z,Paintball Partner,758,68638,,5
2024-02-03T15:16:19.520Z,Paintball Partner,758,94653,,-7
2024-02-03T15:16:19.304Z,Paintball Partner,758,68638,,6
2024-02-03T15:16:19.304Z,Paintball Partner,758,94653,,-6
2024-02-03T15:16:19.114Z,Paintball Partner,758,68638,,6
2024-02-03T15:16:19.114Z,Paintball Partner,758,94653,,-6
2024-02-03T15:16:18.926Z,Paintball Partner,758,68638,,10
2024-02-03T15:16:18.926Z,Paintball Partner,758,94653,,-10
2024-02-03T15:16:18.616Z,Paintball Partner,758,68638,,11
2024-02-03T15:16:18.616Z,Paintball Partner,758,94653,,-11
2024-02-03T15:16:18.281Z,Paintball Partner,758,68638,,3
2024-02-03T15:16:18.281Z,Paintball Partner,758,94653,,-3
2024-02-03T15:16:18.171Z,Paintball Partner,758,68638,,2
2024-02-03T15:16:18.171Z,Paintball Partner,758,94653,,-2
2024-02-03T15:16:17.370Z,Paintball Partner,758,68638,,2
2024-02-03T15:16:17.370Z,Paintball Partner,758,94653,,-2
2024-02-03T15:16:17.332Z,Paintball Partner,758,68638,,2
2024-02-03T15:16:17.332Z,Paintball Partner,758,94653,,-2
2024-02-03T15:16:17.026Z,Paintball Partner,758,68638,,1
2024-02-03T15:16:17.026Z,Paintball Partner,758,94653,,-1
2024-02-03T15:16:16.987Z,Paintball Partner,758,68638,,3
2024-02-03T15:16:16.987Z,Paintball Partner,758,94653,,-3
2024-02-03T15:16:16.945Z,Paintball Partner,758,68638,,8
2024-02-03T15:16:16.945Z,Paintball Partner,758,94653,,-8
2024-02-03T15:16:16.683Z,Paintball Partner,758,68638,,7
2024-02-03T15:16:16.683Z,Paintball Partner,758,94653,,-7
2024-02-03T15:16:16.458Z,Paintball Partner,758,68636,,1
2024-02-03T15:16:16.458Z,Paintball Partner,758,68638,,2
2024-02-03T15:16:16.458Z,Paintball Partner,758,94653,,-3
2024-02-03T15:16:16.087Z,Paintball Partner,758,68638,,3
2024-02-03T15:16:16.087Z,Paintball Partner,758,94653,,-3
2024-02-03T15:16:16.042Z,Paintball Partner,758,68638,,1
2024-02-03T15:16:16.042Z,Paintball Partner,758,94653,,-1
2024-02-03T15:16:16.004Z,Paintball Partner,758,68633,,1
2024-02-03T15:16:16.004Z,Paintball Partner,758,68638,,2
2024-02-03T15:16:16.004Z,Paintball Partner,758,94653,,-4
2024-02-03T15:16:16.004Z,Paintball Partner,758,101398,,1
2024-02-03T15:16:15.620Z,Paintball Partner,758,68638,,6
2024-02-03T15:16:15.620Z,Paintball Partner,758,94653,,-4
2024-02-03T15:16:15.495Z,Paintball Partner,758,68638,,3
2024-02-03T15:16:15.495Z,Paintball Partner,758,94653,,-3
2024-02-03T15:16:15.388Z,Paintball Partner,758,68638,,1
2024-02-03T15:16:15.388Z,Paintball Partner,758,94653,,-1
2024-02-03T15:16:15.202Z,Paintball Partner,758,68638,,1
2024-02-03T15:16:15.202Z,Paintball Partner,758,94653,,-1
2024-02-03T15:16:15.163Z,Paintball Partner,758,68638,,10
2024-02-03T15:16:15.163Z,Paintball Partner,758,94653,,-9
2024-02-03T15:16:14.882Z,Paintball Partner,758,68638,,2
2024-02-03T15:16:14.882Z,Paintball Partner,758,94653,,-2
2024-02-03T15:16:14.557Z,Paintball Partner,758,68638,,4
2024-02-03T15:16:14.557Z,Paintball Partner,758,94653,,-4
2024-02-03T15:16:14.430Z,Paintball Partner,758,68638,,5
2024-02-03T15:16:14.430Z,Paintball Partner,758,94653,,-5
2024-02-03T15:16:14.271Z,Paintball Partner,758,68638,,10
2024-02-03T15:16:14.271Z,Paintball Partner,758,94653,,-5
2024-02-03T15:16:14.115Z,Paintball Partner,758,68638,,6
2024-02-03T15:16:14.115Z,Paintball Partner,758,94653,,-6
2024-02-03T15:16:13.932Z,Paintball Partner,758,68638,,11
2024-02-03T15:16:13.932Z,Paintball Partner,758,94653,,-4
2024-02-03T15:16:13.848Z,Paintball Partner,758,68638,,4
2024-02-03T15:16:13.848Z,Paintball Partner,758,94653,,-4
2024-02-03T15:16:13.681Z,Paintball Partner,758,68638,,9
2024-02-03T15:16:13.681Z,Paintball Partner,758,94653,,-4
2024-02-03T15:16:13.548Z,Paintball Partner,758,68638,,2
2024-02-03T15:16:13.548Z,Paintball Partner,758,94653,,-2
2024-02-03T15:16:13.095Z,Paintball Partner,758,68638,,2
2024-02-03T15:16:13.095Z,Paintball Partner,758,94653,,-2
2024-02-03T15:16:13.057Z,Paintball Partner,758,68638,,4
2024-02-03T15:16:13.057Z,Paintball Partner,758,94653,,-4
2024-02-03T15:16:12.931Z,Paintball Partner,758,68638,,5
2024-02-03T15:16:12.931Z,Paintball Partner,758,94653,,-5
2024-02-03T15:16:12.777Z,Paintball Partner,758,68638,,7
2024-02-03T15:16:12.777Z,Paintball Partner,758,94653,,-7
2024-02-03T15:16:12.554Z,Paintball Partner,758,68637,,2
2024-02-03T15:16:12.554Z,Paintball Partner,758,68638,,4
2024-02-03T15:16:12.554Z,Paintball Partner,758,94653,,-6
2024-02-03T15:16:12.365Z,Paintball Partner,758,68638,,11
2024-02-03T15:16:12.365Z,Paintball Partner,758,94653,,-11
2024-02-03T15:16:12.030Z,Paintball Partner,758,68638,,3
2024-02-03T15:16:12.030Z,Paintball Partner,758,94653,,-3
2024-02-03T15:16:11.944Z,Paintball Partner,758,68638,,4
2024-02-03T15:16:11.944Z,Paintball Partner,758,94653,,-4
2024-02-03T15:16:11.840Z,Paintball Partner,758,68638,,4
2024-02-03T15:16:11.840Z,Paintball Partner,758,94653,,-4
2024-02-03T15:16:11.674Z,Paintball Partner,758,68638,,8
2024-02-03T15:16:11.674Z,Paintball Partner,758,94653,,-8
2024-02-03T15:16:11.433Z,Paintball Partner,758,68638,,8
2024-02-03T15:16:11.433Z,Paintball Partner,758,94653,,-9
2024-02-03T15:16:11.433Z,Paintball Partner,758,101398,,1
2024-02-03T15:16:11.155Z,Paintball Partner,758,68638,,6
2024-02-03T15:16:11.155Z,Paintball Partner,758,94653,,-5
2024-02-03T15:16:10.990Z,Paintball Partner,758,68637,,1
2024-02-03T15:16:10.990Z,Paintball Partner,758,68638,,6
2024-02-03T15:16:10.990Z,Paintball Partner,758,94653,,-7
2024-02-03T15:16:10.779Z,Paintball Partner,758,68638,,6
2024-02-03T15:16:10.779Z,Paintball Partner,758,94653,,-6
2024-02-03T15:16:10.591Z,Paintball Partner,758,68632,,1
2024-02-03T15:16:10.591Z,Paintball Partner,758,68635,,1
2024-02-03T15:16:10.591Z,Paintball Partner,758,68638,,12
2024-02-03T15:16:10.591Z,Paintball Partner,758,94653,,-14
2024-02-03T15:16:10.150Z,Paintball Partner,758,68633,,1
2024-02-03T15:16:10.150Z,Paintball Partner,758,68638,,9
2024-02-03T15:16:10.150Z,Paintball Partner,758,77699,,1
2024-02-03T15:16:10.150Z,Paintball Partner,758,94653,,-11
2024-02-03T15:16:09.837Z,Paintball Partner,758,68636,,2
2024-02-03T15:16:09.837Z,Paintball Partner,758,68637,,1
2024-02-03T15:16:09.837Z,Paintball Partner,758,68638,,34
2024-02-03T15:16:09.837Z,Paintball Partner,758,94653,,-23
2024-02-03T15:16:09.090Z,Paintball Partner,758,68638,,8
2024-02-03T15:16:09.090Z,Paintball Partner,758,94653,,-8
2024-02-03T15:16:08.833Z,Paintball Partner,758,68638,,2
2024-02-03T15:16:08.833Z,Paintball Partner,758,94653,,-2
2024-02-03T15:16:06.639Z,Paintball Partner,758,68638,,1
2024-02-03T15:16:06.639Z,Paintball Partner,758,94653,,-1
2024-02-03T15:16:04.637Z,Paintball Partner,758,68638,,1
2024-02-03T15:16:04.637Z,Paintball Partner,758,94653,,-1
2024-02-03T15:16:04.598Z,Paintball Partner,758,68638,,12
2024-02-03T15:16:04.598Z,Paintball Partner,758,94653,,-13
2024-02-03T15:16:04.598Z,Paintball Partner,758,101398,,1
2024-02-03T15:16:04.199Z,Paintball Partner,758,68638,,6
2024-02-03T15:16:04.199Z,Paintball Partner,758,94653,,-6
2024-02-03T15:16:04.002Z,Paintball Partner,758,68638,,2
2024-02-03T15:16:04.002Z,Paintball Partner,758,94653,,-2
2024-02-03T15:16:02.621Z,Paintball Partner,758,68638,,1
2024-02-03T15:16:02.621Z,Paintball Partner,758,94653,,-1
2024-02-03T15:16:02.582Z,Paintball Partner,758,68638,,1
2024-02-03T15:16:02.582Z,Paintball Partner,758,94653,,-1
2024-02-03T15:16:02.539Z,Paintball Partner,758,68638,,2
2024-02-03T15:16:02.539Z,Paintball Partner,758,94653,,-2
2024-02-03T15:16:02.460Z,Paintball Partner,758,68638,,1
2024-02-03T15:16:02.460Z,Paintball Partner,758,94653,,-1
2024-02-03T15:16:02.422Z,Paintball Partner,758,68638,,1
2024-02-03T15:16:02.422Z,Paintball Partner,758,94653,,-1
2024-02-03T15:16:02.384Z,Paintball Partner,758,68638,,1
2024-02-03T15:16:02.384Z,Paintball Partner,758,94653,,-1
2024-02-03T15:16:02.304Z,Paintball Partner,758,68638,,1
2024-02-03T15:16:02.304Z,Paintball Partner,758,94653,,-1
2024-02-03T15:16:02.266Z,Paintball Partner,758,68638,,2
2024-02-03T15:16:02.266Z,Paintball Partner,758,94653,,-2
2024-02-03T15:16:02.227Z,Paintball Partner,758,68638,,1
2024-02-03T15:16:02.227Z,Paintball Partner,758,94653,,-1
2024-02-03T15:16:02.146Z,Paintball Partner,758,68638,,2
2024-02-03T15:16:02.146Z,Paintball Partner,758,94653,,-2
2024-02-03T15:16:02.108Z,Paintball Partner,758,68638,,2
2024-02-03T15:16:02.108Z,Paintball Partner,758,94653,,-2
2024-02-03T15:16:02.030Z,Paintball Partner,758,68638,,1
2024-02-03T15:16:02.030Z,Paintball Partner,758,94653,,-1
2024-02-03T15:16:01.949Z,Paintball Partner,758,68638,,1
2024-02-03T15:16:01.949Z,Paintball Partner,758,94653,,-1
2024-02-03T15:16:01.911Z,Paintball Partner,758,68638,,1
2024-02-03T15:16:01.911Z,Paintball Partner,758,94653,,-1
2024-02-03T15:16:01.873Z,Paintball Partner,758,68638,,2
2024-02-03T15:16:01.873Z,Paintball Partner,758,94653,,-2
2024-02-03T15:16:01.834Z,Paintball Partner,758,68638,,1
2024-02-03T15:16:01.834Z,Paintball Partner,758,94653,,-1
2024-02-03T15:16:01.833Z,Paintball Partner,758,68638,,1
2024-02-03T15:16:01.833Z,Paintball Partner,758,94653,,-2
2024-02-03T15:16:01.833Z,Paintball Partner,758,101429,,1
2024-02-03T15:16:01.698Z,Paintball Partner,758,68638,,1
2024-02-03T15:16:01.698Z,Paintball Partner,758,94653,,-1
2024-02-03T15:16:01.659Z,Paintball Partner,758,68638,,1
2024-02-03T15:16:01.659Z,Paintball Partner,758,94653,,-1
2024-02-03T15:16:01.619Z,Paintball Partner,758,68638,,2
2024-02-03T15:16:01.619Z,Paintball Partner,758,94653,,-2
2024-02-03T15:16:01.509Z,Paintball Partner,758,68638,,2
2024-02-03T15:16:01.509Z,Paintball Partner,758,94653,,-2
2024-02-03T15:16:01.471Z,Paintball Partner,758,68638,,1
2024-02-03T15:16:01.471Z,Paintball Partner,758,94653,,-1
2024-02-03T15:16:01.427Z,Paintball Partner,758,68638,,1
2024-02-03T15:16:01.427Z,Paintball Partner,758,94653,,-1
2024-02-03T15:16:01.383Z,Paintball Partner,758,68638,,1
2024-02-03T15:16:01.383Z,Paintball Partner,758,94653,,-1
2024-02-03T15:16:01.343Z,Paintball Partner,758,68638,,2
2024-02-03T15:16:01.343Z,Paintball Partner,758,94653,,-2
2024-02-03T15:16:01.256Z,Paintball Partner,758,68635,,1
2024-02-03T15:16:01.256Z,Paintball Partner,758,94653,,-1
2024-02-03T15:16:01.217Z,Paintball Partner,758,68638,,1
2024-02-03T15:16:01.217Z,Paintball Partner,758,94653,,-1
2024-02-03T15:16:01.178Z,Paintball Partner,758,68638,,2
2024-02-03T15:16:01.178Z,Paintball Partner,758,94653,,-2
2024-02-03T15:16:01.075Z,Paintball Partner,758,68638,,1
2024-02-03T15:16:01.075Z,Paintball Partner,758,94653,,-1
2024-02-03T15:16:01.074Z,Paintball Partner,758,68638,,2
2024-02-03T15:16:01.074Z,Paintball Partner,758,94653,,-2
2024-02-03T15:16:00.977Z,Paintball Partner,758,68638,,1
2024-02-03T15:16:00.977Z,Paintball Partner,758,94653,,-1
2024-02-03T15:16:00.939Z,Paintball Partner,758,68638,,3
2024-02-03T15:16:00.939Z,Paintball Partner,758,94653,,-2
2024-02-03T15:16:00.850Z,Paintball Partner,758,68638,,1
2024-02-03T15:16:00.850Z,Paintball Partner,758,94653,,-1
2024-02-03T15:16:00.811Z,Paintball Partner,758,68638,,1
2024-02-03T15:16:00.811Z,Paintball Partner,758,94653,,-1
2024-02-03T15:16:00.773Z,Paintball Partner,758,68638,,1
2024-02-03T15:16:00.773Z,Paintball Partner,758,94653,,-1
2024-02-03T15:16:00.735Z,Paintball Partner,758,68638,,2
2024-02-03T15:16:00.735Z,Paintball Partner,758,94653,,-2
2024-02-03T15:16:00.626Z,Paintball Partner,758,68638,,1
2024-02-03T15:16:00.626Z,Paintball Partner,758,94653,,-1
2024-02-03T15:16:00.588Z,Paintball Partner,758,68638,,2
2024-02-03T15:16:00.588Z,Paintball Partner,758,94653,,-2
2024-02-03T15:16:00.542Z,Paintball Partner,758,68638,,1
2024-02-03T15:16:00.542Z,Paintball Partner,758,94653,,-1
2024-02-03T15:16:00.499Z,Paintball Partner,758,68638,,2
2024-02-03T15:16:00.499Z,Paintball Partner,758,94653,,-2
2024-02-03T15:16:00.415Z,Paintball Partner,758,68638,,1
2024-02-03T15:16:00.415Z,Paintball Partner,758,94653,,-1
2024-02-03T15:16:00.377Z,Paintball Partner,758,68638,,1
2024-02-03T15:16:00.377Z,Paintball Partner,758,94653,,-1
2024-02-03T15:16:00.337Z,Paintball Partner,758,68638,,3
2024-02-03T15:16:00.337Z,Paintball Partner,758,94653,,-3
2024-02-03T15:16:00.200Z,Paintball Partner,758,68638,,1
2024-02-03T15:16:00.200Z,Paintball Partner,758,94653,,-1
2024-02-03T15:16:00.153Z,Paintball Partner,758,68638,,1
2024-02-03T15:16:00.153Z,Paintball Partner,758,94653,,-2
2024-02-03T15:16:00.153Z,Paintball Partner,758,101398,,1
2024-02-03T15:16:00.108Z,Paintball Partner,758,68633,,1
2024-02-03T15:16:00.108Z,Paintball Partner,758,68638,,14
2024-02-03T15:16:00.108Z,Paintball Partner,758,94653,,-15
2024-02-03T15:15:59.867Z,Paintball Partner,758,68632,,1
2024-02-03T15:15:59.867Z,Paintball Partner,758,68633,,1
2024-02-03T15:15:59.867Z,Paintball Partner,758,68636,,1
2024-02-03T15:15:59.867Z,Paintball Partner,758,68637,,2
2024-02-03T15:15:59.867Z,Paintball Partner,758,68638,,136
2024-02-03T15:15:59.867Z,Paintball Partner,758,77699,,1
2024-02-03T15:15:59.867Z,Paintball Partner,758,94653,,-115
2024-02-03T15:15:59.867Z,Paintball Partner,758,101398,,3
2024-02-03T15:15:59.867Z,Paintball Partner,758,101429,,1
2024-02-03T15:15:57.850Z,Paintball Partner,758,68632,,1
2024-02-03T15:15:57.850Z,Paintball Partner,758,68637,,2
2024-02-03T15:15:57.850Z,Paintball Partner,758,68638,,53
2024-02-03T15:15:57.850Z,Paintball Partner,758,94653,,-58
2024-02-03T15:15:57.850Z,Paintball Partner,758,101398,,3
2024-02-03T15:15:56.786Z,Paintball Partner,758,68633,,3
2024-02-03T15:15:56.786Z,Paintball Partner,758,68635,,1
2024-02-03T15:15:56.786Z,Paintball Partner,758,68636,,1
2024-02-03T15:15:56.786Z,Paintball Partner,758,68637,,4
2024-02-03T15:15:56.786Z,Paintball Partner,758,68638,,159
2024-02-03T15:15:56.786Z,Paintball Partner,758,77699,,3
2024-02-03T15:15:56.786Z,Paintball Partner,758,94653,,-146
2024-02-03T15:15:56.786Z,Paintball Partner,758,101398,,1
2024-02-03T15:15:54.228Z,Paintball Partner,758,68632,,1
2024-02-03T15:15:54.228Z,Paintball Partner,758,68638,,87
2024-02-03T15:15:54.228Z,Paintball Partner,758,94653,,-63
2024-02-03T15:15:54.228Z,Paintball Partner,758,101398,,1
2024-02-03T15:15:53.108Z,Paintball Partner,758,68638,,1
2024-02-03T15:15:53.108Z,Paintball Partner,758,94653,,-1
2024-02-03T15:15:53.065Z,Paintball Partner,758,68638,,2
2024-02-03T15:15:53.065Z,Paintball Partner,758,94653,,-2
2024-02-03T15:15:52.982Z,Paintball Partner,758,68638,,2
2024-02-03T15:15:52.982Z,Paintball Partner,758,94653,,-2
2024-02-03T15:15:52.877Z,Paintball Partner,758,68638,,1
2024-02-03T15:15:52.877Z,Paintball Partner,758,94653,,-1
2024-02-03T15:15:52.830Z,Paintball Partner,758,68638,,1
2024-02-03T15:15:52.830Z,Paintball Partner,758,94653,,-1
2024-02-03T15:15:52.829Z,Paintball Partner,758,68638,,3
2024-02-03T15:15:52.829Z,Paintball Partner,758,94653,,-2
2024-02-03T15:15:52.737Z,Paintball Partner,758,68638,,1
2024-02-03T15:15:52.737Z,Paintball Partner,758,94653,,-1
2024-02-03T15:15:52.699Z,Paintball Partner,758,68638,,2
2024-02-03T15:15:52.699Z,Paintball Partner,758,94653,,-2
2024-02-03T15:15:50.301Z,Paintball Partner,758,68638,,3
2024-02-03T15:15:50.301Z,Paintball Partner,758,94653,,-3
2024-02-03T15:15:50.156Z,Paintball Partner,758,68638,,1
2024-02-03T15:15:50.156Z,Paintball Partner,758,94653,,-1
2024-02-03T15:15:50.113Z,Paintball Partner,758,68638,,2
2024-02-03T15:15:50.113Z,Paintball Partner,758,94653,,-2
2024-02-03T15:15:50.068Z,Paintball Partner,758,68638,,2
2024-02-03T15:15:50.068Z,Paintball Partner,758,94653,,-2
2024-02-03T15:15:49.986Z,Paintball Partner,758,68638,,1
2024-02-03T15:15:49.986Z,Paintball Partner,758,94653,,-1
2024-02-03T15:15:49.944Z,Paintball Partner,758,68638,,2
2024-02-03T15:15:49.944Z,Paintball Partner,758,94653,,-2
2024-02-03T15:15:49.862Z,Paintball Partner,758,68638,,1
2024-02-03T15:15:49.862Z,Paintball Partner,758,94653,,-1
2024-02-03T15:15:49.819Z,Paintball Partner,758,68638,,2
2024-02-03T15:15:49.819Z,Paintball Partner,758,94653,,-2
2024-02-03T15:15:49.780Z,Paintball Partner,758,68638,,1
2024-02-03T15:15:49.780Z,Paintball Partner,758,94653,,-1
2024-02-03T15:15:49.698Z,Paintball Partner,758,68638,,1
2024-02-03T15:15:49.698Z,Paintball Partner,758,94653,,-1
2024-02-03T15:15:49.657Z,Paintball Partner,758,68638,,1
2024-02-03T15:15:49.657Z,Paintball Partner,758,94653,,-1
2024-02-03T15:15:49.616Z,Paintball Partner,758,68638,,9
2024-02-03T15:15:49.616Z,Paintball Partner,758,94653,,-1
2024-02-03T15:15:49.577Z,Paintball Partner,758,68638,,2
2024-02-03T15:15:49.577Z,Paintball Partner,758,94653,,-2
2024-02-03T15:15:49.465Z,Paintball Partner,758,68638,,2
2024-02-03T15:15:49.465Z,Paintball Partner,758,94653,,-2
2024-02-03T15:15:49.426Z,Paintball Partner,758,68638,,2
2024-02-03T15:15:49.426Z,Paintball Partner,758,94653,,-2
2024-02-03T15:15:49.310Z,Paintball Partner,758,68638,,2
2024-02-03T15:15:49.310Z,Paintball Partner,758,94653,,-2
2024-02-03T15:15:49.271Z,Paintball Partner,758,68638,,1
2024-02-03T15:15:49.271Z,Paintball Partner,758,94653,,-2
2024-02-03T15:15:49.271Z,Paintball Partner,758,101429,,1
2024-02-03T15:15:49.186Z,Paintball Partner,758,68638,,1
2024-02-03T15:15:49.186Z,Paintball Partner,758,94653,,-1
2024-02-03T15:15:49.141Z,Paintball Partner,758,68633,,1
2024-02-03T15:15:49.141Z,Paintball Partner,758,68638,,2
2024-02-03T15:15:49.141Z,Paintball Partner,758,94653,,-3
2024-02-03T15:15:49.035Z,Paintball Partner,758,68634,,1
2024-02-03T15:15:49.035Z,Paintball Partner,758,68636,,3
2024-02-03T15:15:49.035Z,Paintball Partner,758,68637,,1
2024-02-03T15:15:49.035Z,Paintball Partner,758,68638,,74
2024-02-03T15:15:49.035Z,Paintball Partner,758,94653,,-69
2024-02-03T15:15:49.035Z,Paintball Partner,758,101398,,1
2024-02-03T15:15:47.858Z,Paintball Partner,758,68632,,1
2024-02-03T15:15:47.858Z,Paintball Partner,758,68635,,1
2024-02-03T15:15:47.858Z,Paintball Partner,758,68638,,35
2024-02-03T15:15:47.858Z,Paintball Partner,758,77699,,1
2024-02-03T15:15:47.858Z,Paintball Partner,758,94653,,-36
2024-02-03T15:15:47.183Z,Paintball Partner,758,68632,,1
2024-02-03T15:15:47.183Z,Paintball Partner,758,68634,,1
2024-02-03T15:15:47.183Z,Paintball Partner,758,68635,,3
2024-02-03T15:15:47.183Z,Paintball Partner,758,68636,,1
2024-02-03T15:15:47.183Z,Paintball Partner,758,68637,,5
2024-02-03T15:15:47.183Z,Paintball Partner,758,68638,,194
2024-02-03T15:15:47.183Z,Paintball Partner,758,94653,,-191
2024-02-03T15:15:47.183Z,Paintball Partner,758,101398,,3
2024-02-03T15:15:43.868Z,Paintball Partner,758,68636,,1
2024-02-03T15:15:43.868Z,Paintball Partner,758,68638,,31
2024-02-03T15:15:43.868Z,Paintball Partner,758,94653,,-32
2024-02-03T15:15:43.274Z,Paintball Partner,758,68638,,7
2024-02-03T15:15:43.274Z,Paintball Partner,758,94653,,-7
2024-02-03T15:15:43.177Z,Paintball Partner,758,68635,,1
2024-02-03T15:15:43.177Z,Paintball Partner,758,68638,,42
2024-02-03T15:15:43.177Z,Paintball Partner,758,94653,,-34
2024-02-03T15:15:42.554Z,Paintball Partner,758,68637,,2
2024-02-03T15:15:42.554Z,Paintball Partner,758,68638,,53
2024-02-03T15:15:42.554Z,Paintball Partner,758,94653,,-42
2024-02-03T15:15:42.554Z,Paintball Partner,758,101398,,1
2024-02-03T15:15:41.849Z,Paintball Partner,758,68637,,2
2024-02-03T15:15:41.849Z,Paintball Partner,758,68638,,33
2024-02-03T15:15:41.849Z,Paintball Partner,758,77699,,1
2024-02-03T15:15:41.849Z,Paintball Partner,758,94653,,-35
2024-02-03T15:15:41.150Z,Paintball Partner,758,68638,,2
2024-02-03T15:15:41.150Z,Paintball Partner,758,94653,,-2
2024-02-03T15:15:41.101Z,Paintball Partner,758,68638,,1
2024-02-03T15:15:41.101Z,Paintball Partner,758,94653,,-1
2024-02-03T15:15:41.063Z,Paintball Partner,758,68638,,1
2024-02-03T15:15:41.063Z,Paintball Partner,758,94653,,-1
2024-02-03T15:15:40.983Z,Paintball Partner,758,68638,,2
2024-02-03T15:15:40.983Z,Paintball Partner,758,94653,,-2
2024-02-03T15:15:40.945Z,Paintball Partner,758,68638,,2
2024-02-03T15:15:40.945Z,Paintball Partner,758,94653,,-2
2024-02-03T15:15:40.825Z,Paintball Partner,758,68638,,2
2024-02-03T15:15:40.825Z,Paintball Partner,758,94653,,-2
2024-02-03T15:15:40.786Z,Paintball Partner,758,68638,,1
2024-02-03T15:15:40.786Z,Paintball Partner,758,94653,,-1
2024-02-03T15:15:40.701Z,Paintball Partner,758,68638,,2
2024-02-03T15:15:40.701Z,Paintball Partner,758,94653,,-2
2024-02-03T15:15:40.663Z,Paintball Partner,758,68638,,2
2024-02-03T15:15:40.663Z,Paintball Partner,758,94653,,-2
2024-02-03T15:15:40.547Z,Paintball Partner,758,68638,,1
2024-02-03T15:15:40.547Z,Paintball Partner,758,77699,,1
2024-02-03T15:15:40.547Z,Paintball Partner,758,94653,,-2
2024-02-03T15:15:40.508Z,Paintball Partner,758,68638,,2
2024-02-03T15:15:40.508Z,Paintball Partner,758,94653,,-2
2024-02-03T15:15:40.426Z,Paintball Partner,758,68638,,2
2024-02-03T15:15:40.426Z,Paintball Partner,758,94653,,-2
2024-02-03T15:15:40.348Z,Paintball Partner,758,68637,,1
2024-02-03T15:15:40.348Z,Paintball Partner,758,94653,,-1
2024-02-03T15:15:38.653Z,Paintball Partner,758,68638,,7
2024-02-03T15:15:38.653Z,Paintball Partner,758,94653,,-7
2024-02-03T15:15:38.433Z,Paintball Partner,758,68632,,1
2024-02-03T15:15:38.433Z,Paintball Partner,758,68636,,1
2024-02-03T15:15:38.433Z,Paintball Partner,758,68638,,4
2024-02-03T15:15:38.433Z,Paintball Partner,758,94653,,-6
2024-02-03T15:15:38.197Z,Paintball Partner,758,68638,,2
2024-02-03T15:15:38.197Z,Paintball Partner,758,94653,,-2
2024-02-03T15:15:38.159Z,Paintball Partner,758,68638,,13
2024-02-03T15:15:38.159Z,Paintball Partner,758,94653,,-8
2024-02-03T15:15:37.933Z,Paintball Partner,758,68637,,1
2024-02-03T15:15:37.933Z,Paintball Partner,758,68638,,3
2024-02-03T15:15:37.933Z,Paintball Partner,758,94653,,-4
2024-02-03T15:15:37.837Z,Paintball Partner,758,68637,,1
2024-02-03T15:15:37.837Z,Paintball Partner,758,68638,,7
2024-02-03T15:15:37.837Z,Paintball Partner,758,94653,,-8
2024-02-03T15:15:37.553Z,Paintball Partner,758,68633,,1
2024-02-03T15:15:37.553Z,Paintball Partner,758,68638,,10
2024-02-03T15:15:37.553Z,Paintball Partner,758,94653,,-11
2024-02-03T15:15:37.210Z,Paintball Partner,758,68638,,6
2024-02-03T15:15:37.210Z,Paintball Partner,758,94653,,-6
2024-02-03T15:15:37.021Z,Paintball Partner,758,68638,,7
2024-02-03T15:15:37.021Z,Paintball Partner,758,94653,,-7
2024-02-03T15:15:36.801Z,Paintball Partner,758,68638,,3
2024-02-03T15:15:36.801Z,Paintball Partner,758,94653,,-3
2024-02-03T15:15:36.695Z,Paintball Partner,758,68638,,6
2024-02-03T15:15:36.695Z,Paintball Partner,758,94653,,-6
2024-02-03T15:15:36.525Z,Paintball Partner,758,68638,,4
2024-02-03T15:15:36.525Z,Paintball Partner,758,94653,,-4
2024-02-03T15:15:36.394Z,Paintball Partner,758,68635,,1
2024-02-03T15:15:36.394Z,Paintball Partner,758,68638,,6
2024-02-03T15:15:36.394Z,Paintball Partner,758,94653,,-7
2024-02-03T15:15:36.174Z,Paintball Partner,758,68638,,12
2024-02-03T15:15:36.174Z,Paintball Partner,758,94653,,-12
2024-02-03T15:15:35.860Z,Paintball Partner,758,68638,,2
2024-02-03T15:15:35.860Z,Paintball Partner,758,94653,,-2
2024-02-03T15:15:35.813Z,Paintball Partner,758,68638,,8
2024-02-03T15:15:35.813Z,Paintball Partner,758,94653,,-8
2024-02-03T15:15:35.491Z,Paintball Partner,758,68637,,1
2024-02-03T15:15:35.491Z,Paintball Partner,758,68638,,10
2024-02-03T15:15:35.491Z,Paintball Partner,758,94653,,-10
2024-02-03T15:15:35.181Z,Paintball Partner,758,68638,,28
2024-02-03T15:15:35.181Z,Paintball Partner,758,94653,,-17
2024-02-03T15:15:34.660Z,Paintball Partner,758,68633,,1
2024-02-03T15:15:34.660Z,Paintball Partner,758,68634,,1
2024-02-03T15:15:34.660Z,Paintball Partner,758,68638,,21
2024-02-03T15:15:34.660Z,Paintball Partner,758,94653,,-14
2024-02-03T15:15:34.660Z,Paintball Partner,758,101398,,1
2024-02-03T15:15:34.216Z,Paintball Partner,758,68638,,14
2024-02-03T15:15:34.216Z,Paintball Partner,758,94653,,-14
2024-02-03T15:15:33.859Z,Paintball Partner,758,68638,,2
2024-02-03T15:15:33.859Z,Paintball Partner,758,94653,,-2
2024-02-03T15:15:33.693Z,Paintball Partner,758,68632,,1
2024-02-03T15:15:33.693Z,Paintball Partner,758,68635,,1
2024-02-03T15:15:33.693Z,Paintball Partner,758,68636,,1
2024-02-03T15:15:33.693Z,Paintball Partner,758,68637,,1
2024-02-03T15:15:33.693Z,Paintball Partner,758,68638,,32
2024-02-03T15:15:33.693Z,Paintball Partner,758,94653,,-27
2024-02-03T15:15:32.874Z,Paintball Partner,758,68638,,8
2024-02-03T15:15:32.874Z,Paintball Partner,758,94653,,-8
2024-02-03T15:15:32.611Z,Paintball Partner,758,68638,,6
2024-02-03T15:15:32.611Z,Paintball Partner,758,94653,,-6
2024-02-03T15:15:32.416Z,Paintball Partner,758,68638,,2
2024-02-03T15:15:32.416Z,Paintball Partner,758,94653,,-2
2024-02-03T15:15:32.374Z,Paintball Partner,758,68636,,1
2024-02-03T15:15:32.374Z,Paintball Partner,758,68638,,10
2024-02-03T15:15:32.374Z,Paintball Partner,758,94653,,-11
2024-02-03T15:15:32.021Z,Paintball Partner,758,68638,,8
2024-02-03T15:15:32.021Z,Paintball Partner,758,94653,,-8
2024-02-03T15:15:31.838Z,Paintball Partner,758,68635,,1
2024-02-03T15:15:31.838Z,Paintball Partner,758,68636,,1
2024-02-03T15:15:31.838Z,Paintball Partner,758,68637,,1
2024-02-03T15:15:31.838Z,Paintball Partner,758,68638,,53
2024-02-03T15:15:31.838Z,Paintball Partner,758,94653,,-41
2024-02-03T15:15:30.708Z,Paintball Partner,758,68638,,1
2024-02-03T15:15:30.708Z,Paintball Partner,758,94653,,-1
2024-02-03T15:15:30.668Z,Paintball Partner,758,68638,,2
2024-02-03T15:15:30.668Z,Paintball Partner,758,94653,,-2
2024-02-03T15:15:30.625Z,Paintball Partner,758,68638,,1
2024-02-03T15:15:30.625Z,Paintball Partner,758,94653,,-1
2024-02-03T15:15:30.543Z,Paintball Partner,758,68638,,2
2024-02-03T15:15:30.543Z,Paintball Partner,758,94653,,-2
2024-02-03T15:15:30.504Z,Paintball Partner,758,68638,,2
2024-02-03T15:15:30.504Z,Paintball Partner,758,94653,,-2
2024-02-03T15:15:30.413Z,Paintball Partner,758,68638,,1
2024-02-03T15:15:30.413Z,Paintball Partner,758,94653,,-1
2024-02-03T15:15:30.370Z,Paintball Partner,758,68638,,1
2024-02-03T15:15:30.370Z,Paintball Partner,758,94653,,-1
2024-02-03T15:15:30.332Z,Paintball Partner,758,68638,,2
2024-02-03T15:15:30.332Z,Paintball Partner,758,94653,,-2
2024-02-03T15:15:30.254Z,Paintball Partner,758,68638,,1
2024-02-03T15:15:30.254Z,Paintball Partner,758,94653,,-1
2024-02-03T15:15:30.215Z,Paintball Partner,758,77699,,1
2024-02-03T15:15:30.215Z,Paintball Partner,758,94653,,-1
2024-02-03T15:15:30.177Z,Paintball Partner,758,68638,,1
2024-02-03T15:15:30.177Z,Paintball Partner,758,94653,,-1
2024-02-03T15:15:30.099Z,Paintball Partner,758,68638,,1
2024-02-03T15:15:30.099Z,Paintball Partner,758,94653,,-1
2024-02-03T15:15:30.059Z,Paintball Partner,758,68637,,1
2024-02-03T15:15:30.059Z,Paintball Partner,758,68638,,1
2024-02-03T15:15:30.059Z,Paintball Partner,758,94653,,-2
2024-02-03T15:15:30.021Z,Paintball Partner,758,68638,,1
2024-02-03T15:15:30.021Z,Paintball Partner,758,94653,,-1
2024-02-03T15:15:29.981Z,Paintball Partner,758,68638,,2
2024-02-03T15:15:29.981Z,Paintball Partner,758,94653,,-2
2024-02-03T15:15:29.881Z,Paintball Partner,758,68638,,1
2024-02-03T15:15:29.881Z,Paintball Partner,758,94653,,-1
2024-02-03T15:15:29.843Z,Paintball Partner,758,68638,,1
2024-02-03T15:15:29.843Z,Paintball Partner,758,94653,,-1
2024-02-03T15:15:29.842Z,Paintball Partner,758,68633,,1
2024-02-03T15:15:29.842Z,Paintball Partner,758,94653,,-1
2024-02-03T15:15:29.841Z,Paintball Partner,758,68638,,1
2024-02-03T15:15:29.841Z,Paintball Partner,758,94653,,-1
2024-02-03T15:15:29.796Z,Paintball Partner,758,68638,,2
2024-02-03T15:15:29.796Z,Paintball Partner,758,94653,,-2
2024-02-03T15:15:29.655Z,Paintball Partner,758,68638,,1
2024-02-03T15:15:29.655Z,Paintball Partner,758,94653,,-1
2024-02-03T15:15:29.616Z,Paintball Partner,758,68638,,1
2024-02-03T15:15:29.616Z,Paintball Partner,758,94653,,-1
2024-02-03T15:15:29.577Z,Paintball Partner,758,68633,,1
2024-02-03T15:15:29.577Z,Paintball Partner,758,68634,,1
2024-02-03T15:15:29.577Z,Paintball Partner,758,68635,,1
2024-02-03T15:15:29.577Z,Paintball Partner,758,68637,,2
2024-02-03T15:15:29.577Z,Paintball Partner,758,68638,,95
2024-02-03T15:15:29.577Z,Paintball Partner,758,77699,,2
2024-02-03T15:15:29.577Z,Paintball Partner,758,94653,,-98
2024-02-03T15:15:29.577Z,Paintball Partner,758,101398,,2
2024-02-03T15:15:27.871Z,Paintball Partner,758,68632,,1
2024-02-03T15:15:27.871Z,Paintball Partner,758,68634,,1
2024-02-03T15:15:27.871Z,Paintball Partner,758,68635,,1
2024-02-03T15:15:27.871Z,Paintball Partner,758,68636,,1
2024-02-03T15:15:27.871Z,Paintball Partner,758,68637,,3
2024-02-03T15:15:27.871Z,Paintball Partner,758,68638,,171
2024-02-03T15:15:27.871Z,Paintball Partner,758,77699,,1
2024-02-03T15:15:27.871Z,Paintball Partner,758,94653,,-155
2024-02-03T15:15:27.871Z,Paintball Partner,758,101398,,1
2024-02-03T15:15:25.106Z,Paintball Partner,758,68632,,1
2024-02-03T15:15:25.106Z,Paintball Partner,758,68633,,2
2024-02-03T15:15:25.106Z,Paintball Partner,758,68637,,1
2024-02-03T15:15:25.106Z,Paintball Partner,758,68638,,128
2024-02-03T15:15:25.106Z,Paintball Partner,758,94653,,-114
2024-02-03T15:15:25.106Z,Paintball Partner,758,101398,,1
2024-02-03T15:15:23.119Z,Paintball Partner,758,68638,,13
2024-02-03T15:15:23.119Z,Paintball Partner,758,94653,,-13
2024-02-03T15:15:22.922Z,Paintball Partner,758,68633,,1
2024-02-03T15:15:22.922Z,Paintball Partner,758,68635,,1
2024-02-03T15:15:22.922Z,Paintball Partner,758,68636,,2
2024-02-03T15:15:22.922Z,Paintball Partner,758,68638,,116
2024-02-03T15:15:22.922Z,Paintball Partner,758,94653,,-68
2024-02-03T15:15:21.654Z,Paintball Partner,758,68638,,1
2024-02-03T15:15:21.654Z,Paintball Partner,758,94653,,-1
2024-02-03T15:15:21.616Z,Paintball Partner,758,68638,,1
2024-02-03T15:15:21.616Z,Paintball Partner,758,94653,,-1
2024-02-03T15:15:21.576Z,Paintball Partner,758,68638,,1
2024-02-03T15:15:21.576Z,Paintball Partner,758,94653,,-1
2024-02-03T15:15:21.533Z,Paintball Partner,758,68635,,1
2024-02-03T15:15:21.533Z,Paintball Partner,758,68638,,14
2024-02-03T15:15:21.533Z,Paintball Partner,758,94653,,-2
2024-02-03T15:15:21.451Z,Paintball Partner,758,68638,,1
2024-02-03T15:15:21.451Z,Paintball Partner,758,94653,,-1
2024-02-03T15:15:21.413Z,Paintball Partner,758,68638,,1
2024-02-03T15:15:21.413Z,Paintball Partner,758,94653,,-1
2024-02-03T15:15:21.375Z,Paintball Partner,758,68638,,1
2024-02-03T15:15:21.375Z,Paintball Partner,758,94653,,-1
2024-02-03T15:15:21.335Z,Paintball Partner,758,68635,,1
2024-02-03T15:15:21.335Z,Paintball Partner,758,68638,,1
2024-02-03T15:15:21.335Z,Paintball Partner,758,94653,,-2
2024-02-03T15:15:21.257Z,Paintball Partner,758,68638,,1
2024-02-03T15:15:21.257Z,Paintball Partner,758,94653,,-1
2024-02-03T15:15:21.218Z,Paintball Partner,758,68638,,1
2024-02-03T15:15:21.218Z,Paintball Partner,758,94653,,-1
2024-02-03T15:15:19.641Z,Paintball Partner,758,68638,,4
2024-02-03T15:15:19.641Z,Paintball Partner,758,94653,,-4
2024-02-03T15:15:19.509Z,Paintball Partner,758,68638,,5
2024-02-03T15:15:19.509Z,Paintball Partner,758,94653,,-6
2024-02-03T15:15:19.509Z,Paintball Partner,758,101398,,1
2024-02-03T15:15:19.317Z,Paintball Partner,758,68638,,13
2024-02-03T15:15:19.317Z,Paintball Partner,758,94653,,-13
2024-02-03T15:15:18.910Z,Paintball Partner,758,68638,,7
2024-02-03T15:15:18.910Z,Paintball Partner,758,94653,,-7
2024-02-03T15:15:18.688Z,Paintball Partner,758,68638,,8
2024-02-03T15:15:18.688Z,Paintball Partner,758,94653,,-8
2024-02-03T15:15:18.440Z,Paintball Partner,758,68637,,1
2024-02-03T15:15:18.440Z,Paintball Partner,758,68638,,9
2024-02-03T15:15:18.440Z,Paintball Partner,758,94653,,-11
2024-02-03T15:15:18.440Z,Paintball Partner,758,101398,,1
2024-02-03T15:15:18.059Z,Paintball Partner,758,68638,,2
2024-02-03T15:15:18.059Z,Paintball Partner,758,94653,,-2
2024-02-03T15:15:18.021Z,Paintball Partner,758,68638,,4
2024-02-03T15:15:18.021Z,Paintball Partner,758,94653,,-4
2024-02-03T15:15:17.884Z,Paintball Partner,758,68638,,4
2024-02-03T15:15:17.884Z,Paintball Partner,758,94653,,-4
2024-02-03T15:15:17.842Z,Paintball Partner,758,68635,,1
2024-02-03T15:15:17.842Z,Paintball Partner,758,68638,,9
2024-02-03T15:15:17.842Z,Paintball Partner,758,94653,,-9
2024-02-03T15:15:17.510Z,Paintball Partner,758,68638,,3
2024-02-03T15:15:17.510Z,Paintball Partner,758,94653,,-3
2024-02-03T15:15:17.428Z,Paintball Partner,758,68638,,6
2024-02-03T15:15:17.428Z,Paintball Partner,758,94653,,-6
2024-02-03T15:15:17.222Z,Paintball Partner,758,68635,,2
2024-02-03T15:15:17.222Z,Paintball Partner,758,68638,,7
2024-02-03T15:15:17.222Z,Paintball Partner,758,94653,,-9
2024-02-03T15:15:16.947Z,Paintball Partner,758,68635,,1
2024-02-03T15:15:16.947Z,Paintball Partner,758,68637,,1
2024-02-03T15:15:16.947Z,Paintball Partner,758,68638,,15
2024-02-03T15:15:16.947Z,Paintball Partner,758,94653,,-18
2024-02-03T15:15:16.947Z,Paintball Partner,758,101398,,1
2024-02-03T15:15:16.381Z,Paintball Partner,758,68632,,1
2024-02-03T15:15:16.381Z,Paintball Partner,758,68638,,13
2024-02-03T15:15:16.381Z,Paintball Partner,758,94653,,-14
2024-02-03T15:15:15.948Z,Paintball Partner,758,68638,,5
2024-02-03T15:15:15.948Z,Paintball Partner,758,94653,,-5
2024-02-03T15:15:15.842Z,Paintball Partner,758,68638,,2
2024-02-03T15:15:15.842Z,Paintball Partner,758,94653,,-2
2024-02-03T15:15:15.692Z,Paintball Partner,758,68638,,2
2024-02-03T15:15:15.692Z,Paintball Partner,758,94653,,-2
2024-02-03T15:15:15.649Z,Paintball Partner,758,68633,,1
2024-02-03T15:15:15.649Z,Paintball Partner,758,68638,,36
2024-02-03T15:15:15.649Z,Paintball Partner,758,77699,,1
2024-02-03T15:15:15.649Z,Paintball Partner,758,94653,,-18
2024-02-03T15:15:15.105Z,Paintball Partner,758,68638,,15
2024-02-03T15:15:15.105Z,Paintball Partner,758,94653,,-7
2024-02-03T15:15:14.877Z,Paintball Partner,758,68638,,26
2024-02-03T15:15:14.877Z,Paintball Partner,758,77699,,1
2024-02-03T15:15:14.877Z,Paintball Partner,758,94653,,-22
2024-02-03T15:15:14.196Z,Paintball Partner,758,68633,,1
2024-02-03T15:15:14.196Z,Paintball Partner,758,68637,,1
2024-02-03T15:15:14.196Z,Paintball Partner,758,68638,,19
2024-02-03T15:15:14.196Z,Paintball Partner,758,94653,,-13
2024-02-03T15:15:13.846Z,Paintball Partner,758,68637,,1
2024-02-03T15:15:13.846Z,Paintball Partner,758,68638,,6
2024-02-03T15:15:13.846Z,Paintball Partner,758,94653,,-7
2024-02-03T15:15:13.574Z,Paintball Partner,758,68636,,1
2024-02-03T15:15:13.574Z,Paintball Partner,758,68637,,1
2024-02-03T15:15:13.574Z,Paintball Partner,758,68638,,20
2024-02-03T15:15:13.574Z,Paintball Partner,758,94653,,-11
2024-02-03T15:15:13.223Z,Paintball Partner,758,68638,,8
2024-02-03T15:15:13.223Z,Paintball Partner,758,94653,,-8
2024-02-03T15:15:12.980Z,Paintball Partner,758,68638,,9
2024-02-03T15:15:12.980Z,Paintball Partner,758,94653,,-9
2024-02-03T15:15:12.709Z,Paintball Partner,758,68634,,1
2024-02-03T15:15:12.709Z,Paintball Partner,758,68638,,18
2024-02-03T15:15:12.709Z,Paintball Partner,758,94653,,-18
2024-02-03T15:15:12.132Z,Paintball Partner,758,68638,,4
2024-02-03T15:15:12.132Z,Paintball Partner,758,94653,,-4
2024-02-03T15:15:11.996Z,Paintball Partner,758,68638,,3
2024-02-03T15:15:11.996Z,Paintball Partner,758,94653,,-3
2024-02-03T15:15:11.860Z,Paintball Partner,758,68638,,2
2024-02-03T15:15:11.860Z,Paintball Partner,758,94653,,-2
2024-02-03T15:15:11.811Z,Paintball Partner,758,68638,,1
2024-02-03T15:15:11.811Z,Paintball Partner,758,94653,,-1
2024-02-03T15:15:11.212Z,Paintball Partner,758,68638,,1
2024-02-03T15:15:11.212Z,Paintball Partner,758,77699,,1
2024-02-03T15:15:11.212Z,Paintball Partner,758,94653,,-2
2024-02-03T15:15:11.174Z,Paintball Partner,758,68638,,3
2024-02-03T15:15:11.174Z,Paintball Partner,758,94653,,-3
2024-02-03T15:15:11.094Z,Paintball Partner,758,68637,,1
2024-02-03T15:15:11.094Z,Paintball Partner,758,68638,,6
2024-02-03T15:15:11.094Z,Paintball Partner,758,94653,,-7
2024-02-03T15:15:10.880Z,Paintball Partner,758,68632,,1
2024-02-03T15:15:10.880Z,Paintball Partner,758,68638,,6
2024-02-03T15:15:10.880Z,Paintball Partner,758,94653,,-7
2024-02-03T15:15:10.661Z,Paintball Partner,758,68638,,6
2024-02-03T15:15:10.661Z,Paintball Partner,758,94653,,-6
2024-02-03T15:15:10.475Z,Paintball Partner,758,68638,,3
2024-02-03T15:15:10.475Z,Paintball Partner,758,94653,,-3
2024-02-03T15:15:08.318Z,Paintball Partner,758,68638,,9
2024-02-03T15:15:08.318Z,Paintball Partner,758,77699,,1
2024-02-03T15:15:08.318Z,Paintball Partner,758,94653,,-10
2024-02-03T15:15:08.067Z,Paintball Partner,758,68637,,1
2024-02-03T15:15:08.067Z,Paintball Partner,758,68638,,32
2024-02-03T15:15:08.067Z,Paintball Partner,758,94653,,-32
2024-02-03T15:15:07.452Z,Paintball Partner,758,68638,,1
2024-02-03T15:15:07.452Z,Paintball Partner,758,94653,,-1
2024-02-03T15:15:07.414Z,Paintball Partner,758,68638,,2
2024-02-03T15:15:07.414Z,Paintball Partner,758,94653,,-1
2024-02-03T15:15:07.376Z,Paintball Partner,758,68638,,1
2024-02-03T15:15:07.376Z,Paintball Partner,758,94653,,-1
2024-02-03T15:15:07.297Z,Paintball Partner,758,68638,,1
2024-02-03T15:15:07.297Z,Paintball Partner,758,94653,,-1
2024-02-03T15:15:07.259Z,Paintball Partner,758,68633,,1
2024-02-03T15:15:07.259Z,Paintball Partner,758,68638,,1
2024-02-03T15:15:07.259Z,Paintball Partner,758,94653,,-2
2024-02-03T15:15:07.221Z,Paintball Partner,758,68638,,2
2024-02-03T15:15:07.221Z,Paintball Partner,758,94653,,-2
2024-02-03T15:15:07.130Z,Paintball Partner,758,68638,,1
2024-02-03T15:15:07.130Z,Paintball Partner,758,94653,,-1
2024-02-03T15:15:07.071Z,Paintball Partner,758,68638,,1
2024-02-03T15:15:07.071Z,Paintball Partner,758,94653,,-1
2024-02-03T15:15:07.033Z,Paintball Partner,758,68638,,1
2024-02-03T15:15:07.033Z,Paintball Partner,758,94653,,-1
2024-02-03T15:15:06.990Z,Paintball Partner,758,68638,,2
2024-02-03T15:15:06.990Z,Paintball Partner,758,94653,,-2
2024-02-03T15:15:06.938Z,Paintball Partner,758,68638,,1
2024-02-03T15:15:06.938Z,Paintball Partner,758,94653,,-1
2024-02-03T15:15:06.899Z,Paintball Partner,758,68638,,1
2024-02-03T15:15:06.899Z,Paintball Partner,758,94653,,-1
2024-02-03T15:15:06.856Z,Paintball Partner,758,68636,,1
2024-02-03T15:15:06.856Z,Paintball Partner,758,68638,,59
2024-02-03T15:15:06.856Z,Paintball Partner,758,94653,,-59
2024-02-03T15:15:06.856Z,Paintball Partner,758,101398,,1
2024-02-03T15:15:05.836Z,Paintball Partner,758,68632,,1
2024-02-03T15:15:05.836Z,Paintball Partner,758,68635,,1
2024-02-03T15:15:05.836Z,Paintball Partner,758,68636,,1
2024-02-03T15:15:05.836Z,Paintball Partner,758,68637,,1
2024-02-03T15:15:05.836Z,Paintball Partner,758,68638,,26
2024-02-03T15:15:05.836Z,Paintball Partner,758,94653,,-30
2024-02-03T15:15:05.277Z,Paintball Partner,758,68638,,5
2024-02-03T15:15:05.277Z,Paintball Partner,758,94653,,-5
2024-02-03T15:15:05.188Z,Paintball Partner,758,68635,,1
2024-02-03T15:15:05.188Z,Paintball Partner,758,68637,,1
2024-02-03T15:15:05.188Z,Paintball Partner,758,68638,,42
2024-02-03T15:15:05.188Z,Paintball Partner,758,77699,,1
2024-02-03T15:15:05.188Z,Paintball Partner,758,94653,,-44
2024-02-03T15:15:04.374Z,Paintball Partner,758,68637,,1
2024-02-03T15:15:04.374Z,Paintball Partner,758,94653,,-1
2024-02-03T15:15:04.335Z,Paintball Partner,758,68638,,1
2024-02-03T15:15:04.335Z,Paintball Partner,758,94653,,-1
2024-02-03T15:15:04.297Z,Paintball Partner,758,68638,,1
2024-02-03T15:15:04.297Z,Paintball Partner,758,77699,,1
2024-02-03T15:15:04.297Z,Paintball Partner,758,94653,,-2
2024-02-03T15:15:04.217Z,Paintball Partner,758,68638,,1
2024-02-03T15:15:04.217Z,Paintball Partner,758,94653,,-1
2024-02-03T15:15:04.179Z,Paintball Partner,758,68636,,1
2024-02-03T15:15:04.179Z,Paintball Partner,758,68638,,1
2024-02-03T15:15:04.179Z,Paintball Partner,758,94653,,-2
2024-02-03T15:15:04.096Z,Paintball Partner,758,68638,,1
2024-02-03T15:15:04.096Z,Paintball Partner,758,94653,,-1
2024-02-03T15:15:04.057Z,Paintball Partner,758,68638,,1
2024-02-03T15:15:04.057Z,Paintball Partner,758,94653,,-1
2024-02-03T15:15:04.019Z,Paintball Partner,758,68638,,1
2024-02-03T15:15:04.019Z,Paintball Partner,758,94653,,-1
2024-02-03T15:15:03.980Z,Paintball Partner,758,68638,,9
2024-02-03T15:15:03.980Z,Paintball Partner,758,94653,,-2
2024-02-03T15:15:03.887Z,Paintball Partner,758,68638,,2
2024-02-03T15:15:03.887Z,Paintball Partner,758,94653,,-2
2024-02-03T15:15:03.849Z,Paintball Partner,758,68638,,1
2024-02-03T15:15:03.849Z,Paintball Partner,758,94653,,-1
2024-02-03T15:15:03.848Z,Paintball Partner,758,68637,,1
2024-02-03T15:15:03.848Z,Paintball Partner,758,68638,,39
2024-02-03T15:15:03.848Z,Paintball Partner,758,94653,,-39
2024-02-03T15:15:03.057Z,Paintball Partner,758,68638,,1
2024-02-03T15:15:03.057Z,Paintball Partner,758,94653,,-1
2024-02-03T15:15:03.019Z,Paintball Partner,758,68638,,1
2024-02-03T15:15:03.019Z,Paintball Partner,758,94653,,-1
2024-02-03T15:15:02.981Z,Paintball Partner,758,68638,,2
2024-02-03T15:15:02.981Z,Paintball Partner,758,94653,,-2
2024-02-03T15:15:02.864Z,Paintball Partner,758,68638,,1
2024-02-03T15:15:02.864Z,Paintball Partner,758,94653,,-1
2024-02-03T15:15:02.863Z,Paintball Partner,758,68638,,14
2024-02-03T15:15:02.863Z,Paintball Partner,758,94653,,-3
2024-02-03T15:15:02.702Z,Paintball Partner,758,68638,,1
2024-02-03T15:15:02.702Z,Paintball Partner,758,94653,,-1
2024-02-03T15:15:02.662Z,Paintball Partner,758,68638,,1
2024-02-03T15:15:02.662Z,Paintball Partner,758,94653,,-1
2024-02-03T15:15:02.661Z,Paintball Partner,758,68633,,1
2024-02-03T15:15:02.661Z,Paintball Partner,758,68635,,1
2024-02-03T15:15:02.661Z,Paintball Partner,758,68636,,1
2024-02-03T15:15:02.661Z,Paintball Partner,758,68637,,1
2024-02-03T15:15:02.661Z,Paintball Partner,758,68638,,44
2024-02-03T15:15:02.661Z,Paintball Partner,758,94653,,-46
2024-02-03T15:15:01.859Z,Paintball Partner,758,68632,,1
2024-02-03T15:15:01.859Z,Paintball Partner,758,68633,,2
2024-02-03T15:15:01.859Z,Paintball Partner,758,68635,,1
2024-02-03T15:15:01.859Z,Paintball Partner,758,68636,,1
2024-02-03T15:15:01.859Z,Paintball Partner,758,68637,,2
2024-02-03T15:15:01.859Z,Paintball Partner,758,68638,,111
2024-02-03T15:15:01.859Z,Paintball Partner,758,77699,,2
2024-02-03T15:15:01.859Z,Paintball Partner,758,94653,,-115
2024-02-03T15:15:01.859Z,Paintball Partner,758,101398,,3
2024-02-03T15:14:59.853Z,Paintball Partner,758,68637,,1
2024-02-03T15:14:59.853Z,Paintball Partner,758,68638,,27
2024-02-03T15:14:59.853Z,Paintball Partner,758,94653,,-28
2024-02-03T15:14:59.264Z,Paintball Partner,758,68638,,1
2024-02-03T15:14:59.264Z,Paintball Partner,758,94653,,-1
2024-02-03T15:14:59.222Z,Paintball Partner,758,68638,,1
2024-02-03T15:14:59.222Z,Paintball Partner,758,94653,,-1
2024-02-03T15:14:59.179Z,Paintball Partner,758,68638,,1
2024-02-03T15:14:59.179Z,Paintball Partner,758,94653,,-1
2024-02-03T15:14:59.139Z,Paintball Partner,758,68638,,1
2024-02-03T15:14:59.139Z,Paintball Partner,758,94653,,-2
2024-02-03T15:14:59.139Z,Paintball Partner,758,101398,,1
2024-02-03T15:14:59.027Z,Paintball Partner,758,68638,,2
2024-02-03T15:14:59.027Z,Paintball Partner,758,94653,,-2
2024-02-03T15:14:58.983Z,Paintball Partner,758,68638,,1
2024-02-03T15:14:58.983Z,Paintball Partner,758,94653,,-1
2024-02-03T15:14:58.933Z,Paintball Partner,758,68637,,1
2024-02-03T15:14:58.933Z,Paintball Partner,758,94653,,-1
2024-02-03T15:14:58.895Z,Paintball Partner,758,68638,,1
2024-02-03T15:14:58.895Z,Paintball Partner,758,94653,,-1
2024-02-03T15:14:58.856Z,Paintball Partner,758,68638,,2
2024-02-03T15:14:58.856Z,Paintball Partner,758,94653,,-2
2024-02-03T15:14:58.752Z,Paintball Partner,758,68638,,1
2024-02-03T15:14:58.752Z,Paintball Partner,758,94653,,-1
2024-02-03T15:14:58.704Z,Paintball Partner,758,68638,,2
2024-02-03T15:14:58.704Z,Paintball Partner,758,94653,,-2
2024-02-03T15:14:58.662Z,Paintball Partner,758,68638,,1
2024-02-03T15:14:58.662Z,Paintball Partner,758,94653,,-1
2024-02-03T15:14:58.622Z,Paintball Partner,758,68638,,1
2024-02-03T15:14:58.622Z,Paintball Partner,758,94653,,-1
2024-02-03T15:14:58.577Z,Paintball Partner,758,68638,,1
2024-02-03T15:14:58.577Z,Paintball Partner,758,94653,,-1
2024-02-03T15:14:58.532Z,Paintball Partner,758,68638,,2
2024-02-03T15:14:58.532Z,Paintball Partner,758,94653,,-2
2024-02-03T15:14:58.432Z,Paintball Partner,758,68638,,1
2024-02-03T15:14:58.432Z,Paintball Partner,758,94653,,-1
2024-02-03T15:14:58.389Z,Paintball Partner,758,68638,,2
2024-02-03T15:14:58.389Z,Paintball Partner,758,94653,,-2
2024-02-03T15:14:58.348Z,Paintball Partner,758,68638,,1
2024-02-03T15:14:58.348Z,Paintball Partner,758,94653,,-1
2024-02-03T15:14:54.549Z,Paintball Partner,773,68638,,3
2024-02-03T15:14:54.549Z,Paintball Partner,773,94653,,-3
2024-02-03T15:14:54.443Z,Paintball Partner,773,68635,,1
2024-02-03T15:14:54.443Z,Paintball Partner,773,68638,,6
2024-02-03T15:14:54.443Z,Paintball Partner,773,94653,,-7
2024-02-03T15:14:54.223Z,Paintball Partner,773,68638,,6
2024-02-03T15:14:54.223Z,Paintball Partner,773,94653,,-6
2024-02-03T15:14:54.037Z,Paintball Partner,773,68638,,4
2024-02-03T15:14:54.037Z,Paintball Partner,773,94653,,-4
2024-02-03T15:14:53.888Z,Paintball Partner,773,68638,,4
2024-02-03T15:14:53.888Z,Paintball Partner,773,94653,,-4
2024-02-03T15:14:53.849Z,Paintball Partner,773,68638,,7
2024-02-03T15:14:53.849Z,Paintball Partner,773,94653,,-7
2024-02-03T15:14:53.570Z,Paintball Partner,773,68638,,7
2024-02-03T15:14:53.570Z,Paintball Partner,773,94653,,-7
2024-02-03T15:14:53.349Z,Paintball Partner,773,68637,,1
2024-02-03T15:14:53.349Z,Paintball Partner,773,68638,,13
2024-02-03T15:14:53.349Z,Paintball Partner,773,94653,,-14
2024-02-03T15:14:52.920Z,Paintball Partner,773,68638,,6
2024-02-03T15:14:52.920Z,Paintball Partner,773,94653,,-6
2024-02-03T15:14:52.725Z,Paintball Partner,773,68638,,5
2024-02-03T15:14:52.725Z,Paintball Partner,773,94653,,-5
2024-02-03T15:14:52.563Z,Paintball Partner,773,68635,,1
2024-02-03T15:14:52.563Z,Paintball Partner,773,68638,,8
2024-02-03T15:14:52.563Z,Paintball Partner,773,94653,,-9
2024-02-03T15:14:52.287Z,Paintball Partner,773,68635,,1
2024-02-03T15:14:52.287Z,Paintball Partner,773,68638,,4
2024-02-03T15:14:52.287Z,Paintball Partner,773,94653,,-5
2024-02-03T15:14:52.131Z,Paintball Partner,773,68638,,3
2024-02-03T15:14:52.131Z,Paintball Partner,773,94653,,-3
2024-02-03T15:14:52.049Z,Paintball Partner,773,68638,,8
2024-02-03T15:14:52.049Z,Paintball Partner,773,94653,,-8
2024-02-03T15:14:51.837Z,Paintball Partner,773,68638,,1
2024-02-03T15:14:51.837Z,Paintball Partner,773,94653,,-1
2024-02-03T15:14:51.836Z,Paintball Partner,773,68638,,7
2024-02-03T15:14:51.836Z,Paintball Partner,773,94653,,-7
2024-02-03T15:14:51.537Z,Paintball Partner,773,68638,,7
2024-02-03T15:14:51.537Z,Paintball Partner,773,94653,,-6
2024-02-03T15:14:51.347Z,Paintball Partner,773,68638,,10
2024-02-03T15:14:51.347Z,Paintball Partner,773,94653,,-10
2024-02-03T15:14:51.042Z,Paintball Partner,773,68637,,1
2024-02-03T15:14:51.042Z,Paintball Partner,773,68638,,8
2024-02-03T15:14:51.042Z,Paintball Partner,773,94653,,-9
2024-02-03T15:14:50.755Z,Paintball Partner,773,68635,,1
2024-02-03T15:14:50.755Z,Paintball Partner,773,68638,,17
2024-02-03T15:14:50.755Z,Paintball Partner,773,94653,,-18
2024-02-03T15:14:50.190Z,Paintball Partner,773,68638,,9
2024-02-03T15:14:50.190Z,Paintball Partner,773,94653,,-9
2024-02-03T15:14:49.878Z,Paintball Partner,773,68637,,1
2024-02-03T15:14:49.878Z,Paintball Partner,773,68638,,3
2024-02-03T15:14:49.878Z,Paintball Partner,773,94653,,-4
2024-02-03T15:14:49.833Z,Paintball Partner,773,68635,,1
2024-02-03T15:14:49.833Z,Paintball Partner,773,68636,,1
2024-02-03T15:14:49.833Z,Paintball Partner,773,68637,,1
2024-02-03T15:14:49.833Z,Paintball Partner,773,68638,,33
2024-02-03T15:14:49.833Z,Paintball Partner,773,94653,,-35
2024-02-03T15:14:48.701Z,Paintball Partner,773,68638,,18
2024-02-03T15:14:48.701Z,Paintball Partner,773,94653,,-7
2024-02-03T15:14:48.475Z,Paintball Partner,773,68637,,1
2024-02-03T15:14:48.475Z,Paintball Partner,773,68638,,2
2024-02-03T15:14:48.475Z,Paintball Partner,773,94653,,-3
2024-02-03T15:14:48.383Z,Paintball Partner,773,68637,,1
2024-02-03T15:14:48.383Z,Paintball Partner,773,68638,,19
2024-02-03T15:14:48.383Z,Paintball Partner,773,94653,,-19
2024-02-03T15:14:47.848Z,Paintball Partner,773,68632,,1
2024-02-03T15:14:47.848Z,Paintball Partner,773,68633,,1
2024-02-03T15:14:47.848Z,Paintball Partner,773,68638,,16
2024-02-03T15:14:47.848Z,Paintball Partner,773,94653,,-19
2024-02-03T15:14:47.848Z,Paintball Partner,773,101398,,1
2024-02-03T15:14:47.200Z,Paintball Partner,773,68638,,9
2024-02-03T15:14:47.200Z,Paintball Partner,773,94653,,-9
2024-02-03T15:14:46.909Z,Paintball Partner,773,68638,,5
2024-02-03T15:14:46.909Z,Paintball Partner,773,94653,,-5
2024-02-03T15:14:46.646Z,Paintball Partner,773,68638,,1
2024-02-03T15:14:46.646Z,Paintball Partner,773,94653,,-1
2024-02-03T15:14:46.076Z,Paintball Partner,773,68638,,3
2024-02-03T15:14:46.076Z,Paintball Partner,773,94653,,-3
2024-02-03T15:14:45.950Z,Paintball Partner,773,68638,,5
2024-02-03T15:14:45.950Z,Paintball Partner,773,94653,,-5
2024-02-03T15:14:45.842Z,Paintball Partner,773,68638,,2
2024-02-03T15:14:45.842Z,Paintball Partner,773,94653,,-2
2024-02-03T15:14:45.803Z,Paintball Partner,773,68638,,6
2024-02-03T15:14:45.803Z,Paintball Partner,773,94653,,-6
2024-02-03T15:14:45.536Z,Paintball Partner,773,68633,,1
2024-02-03T15:14:45.536Z,Paintball Partner,773,68638,,35
2024-02-03T15:14:45.536Z,Paintball Partner,773,94653,,-23
2024-02-03T15:14:44.817Z,Paintball Partner,773,68638,,5
2024-02-03T15:14:44.817Z,Paintball Partner,773,94653,,-5
2024-02-03T15:14:44.667Z,Paintball Partner,773,68638,,7
2024-02-03T15:14:44.667Z,Paintball Partner,773,94653,,-7
2024-02-03T15:14:44.444Z,Paintball Partner,773,68638,,7
2024-02-03T15:14:44.444Z,Paintball Partner,773,94653,,-7
2024-02-03T15:14:44.222Z,Paintball Partner,773,68632,,1
2024-02-03T15:14:44.222Z,Paintball Partner,773,68638,,21
2024-02-03T15:14:44.222Z,Paintball Partner,773,94653,,-14
2024-02-03T15:14:43.837Z,Paintball Partner,773,68638,,6
2024-02-03T15:14:43.837Z,Paintball Partner,773,94653,,-6
2024-02-03T15:14:43.597Z,Paintball Partner,773,68635,,1
2024-02-03T15:14:43.597Z,Paintball Partner,773,68638,,9
2024-02-03T15:14:43.597Z,Paintball Partner,773,94653,,-10
2024-02-03T15:14:43.286Z,Paintball Partner,773,68638,,6
2024-02-03T15:14:43.286Z,Paintball Partner,773,94653,,-6
2024-02-03T15:14:43.096Z,Paintball Partner,773,68638,,7
2024-02-03T15:14:43.096Z,Paintball Partner,773,94653,,-7
2024-02-03T15:14:42.879Z,Paintball Partner,773,68633,,1
2024-02-03T15:14:42.879Z,Paintball Partner,773,68634,,1
2024-02-03T15:14:42.879Z,Paintball Partner,773,68638,,11
2024-02-03T15:14:42.879Z,Paintball Partner,773,94653,,-13
2024-02-03T15:14:42.487Z,Paintball Partner,773,68638,,7
2024-02-03T15:14:42.487Z,Paintball Partner,773,94653,,-7
2024-02-03T15:14:42.269Z,Paintball Partner,773,68638,,2
2024-02-03T15:14:42.269Z,Paintball Partner,773,94653,,-2
2024-02-03T15:14:42.177Z,Paintball Partner,773,68638,,15
2024-02-03T15:14:42.177Z,Paintball Partner,773,94653,,-9
2024-02-03T15:14:41.873Z,Paintball Partner,773,68638,,4
2024-02-03T15:14:41.873Z,Paintball Partner,773,94653,,-4
2024-02-03T15:14:41.830Z,Paintball Partner,773,68638,,5
2024-02-03T15:14:41.830Z,Paintball Partner,773,94653,,-5
2024-02-03T15:14:41.645Z,Paintball Partner,773,68638,,12
2024-02-03T15:14:41.645Z,Paintball Partner,773,94653,,-12
2024-02-03T15:14:41.255Z,Paintball Partner,773,68633,,1
2024-02-03T15:14:41.255Z,Paintball Partner,773,68638,,5
2024-02-03T15:14:41.255Z,Paintball Partner,773,94653,,-6
2024-02-03T15:14:41.082Z,Paintball Partner,773,68638,,17
2024-02-03T15:14:41.082Z,Paintball Partner,773,77699,,1
2024-02-03T15:14:41.082Z,Paintball Partner,773,94653,,-18
2024-02-03T15:14:40.517Z,Paintball Partner,773,68638,,19
2024-02-03T15:14:40.517Z,Paintball Partner,773,94653,,-19
2024-02-03T15:14:39.917Z,Paintball Partner,773,68637,,1
2024-02-03T15:14:39.917Z,Paintball Partner,773,68638,,2
2024-02-03T15:14:39.917Z,Paintball Partner,773,77699,,1
2024-02-03T15:14:39.917Z,Paintball Partner,773,94653,,-4
2024-02-03T15:14:39.809Z,Paintball Partner,773,68638,,6
2024-02-03T15:14:39.809Z,Paintball Partner,773,94653,,-6
2024-02-03T15:14:39.686Z,Paintball Partner,773,68638,,2
2024-02-03T15:14:39.686Z,Paintball Partner,773,94653,,-2
2024-02-03T15:14:39.647Z,Paintball Partner,773,68635,,1
2024-02-03T15:14:39.647Z,Paintball Partner,773,68638,,7
2024-02-03T15:14:39.647Z,Paintball Partner,773,94653,,-9
2024-02-03T15:14:39.647Z,Paintball Partner,773,101398,,1
2024-02-03T15:14:39.259Z,Paintball Partner,773,68638,,12
2024-02-03T15:14:39.259Z,Paintball Partner,773,94653,,-7
2024-02-03T15:14:39.013Z,Paintball Partner,773,68637,,1
2024-02-03T15:14:39.013Z,Paintball Partner,773,68638,,7
2024-02-03T15:14:39.013Z,Paintball Partner,773,94653,,-7
2024-02-03T15:14:38.814Z,Paintball Partner,773,68638,,5
2024-02-03T15:14:38.814Z,Paintball Partner,773,94653,,-5
2024-02-03T15:14:38.657Z,Paintball Partner,773,68638,,3
2024-02-03T15:14:38.657Z,Paintball Partner,773,94653,,-3
2024-02-03T15:14:38.574Z,Paintball Partner,773,68638,,5
2024-02-03T15:14:38.574Z,Paintball Partner,773,94653,,-5
2024-02-03T15:14:38.410Z,Paintball Partner,773,68638,,8
2024-02-03T15:14:38.410Z,Paintball Partner,773,94653,,-4
2024-02-03T15:14:38.280Z,Paintball Partner,773,68638,,2
2024-02-03T15:14:38.280Z,Paintball Partner,773,94653,,-2
2024-02-03T15:14:36.712Z,Paintball Partner,773,68633,,1
2024-02-03T15:14:36.712Z,Paintball Partner,773,68637,,1
2024-02-03T15:14:36.712Z,Paintball Partner,773,68638,,2
2024-02-03T15:14:36.712Z,Paintball Partner,773,94653,,-4
2024-02-03T15:14:36.583Z,Paintball Partner,773,94653,,-1
2024-02-03T15:14:36.583Z,Paintball Partner,773,101398,,1
